Economy,Year,prediction,Consumptionpercap,GDPpercap
01_AUS,2017,12.528698183218012,276149.643183689,30.238095648948303
01_AUS,2018,12.53518630037658,277947.159364116,33.09818145701158
01_AUS,2019,12.53960253273597,279177.3530146214,9.474754138178751
01_AUS,2020,12.542862249355506,280088.8769197178,1.557253672279837
01_AUS,2021,12.544885502183973,280656.14119818475,28.041564604677376
01_AUS,2022,12.546247092230999,281038.5400828561,4.873730035230063
01_AUS,2023,12.547201729841518,281306.95814382803,31.97117429184116
01_AUS,2024,12.548016052258518,281536.1260015006,12.241866215182426
01_AUS,2025,12.548538801321172,281683.3372213823,11.118423471268605
01_AUS,2026,12.547424547312007,281369.6452323018,11.018409338290127
01_AUS,2027,12.546427666309595,281089.29294046963,24.43449318532392
01_AUS,2028,12.545480971277273,280823.3130240006,5.5978592019576086
01_AUS,2029,12.544117758714235,280440.7519709543,4.225484415508534
01_AUS,2030,12.542376941392831,279952.9805359572,36.59874976783081
01_AUS,2031,12.539103260364456,279038.0022653932,18.3029084985552
01_AUS,2032,12.53561838419192,278067.2817828048,7.007509986681048
01_AUS,2033,12.531646450118489,276965.0074013185,38.602615795852316
01_AUS,2034,12.527331006196176,275772.3557050943,1.530880226721146
01_AUS,2035,12.522519368764376,274448.6263225496,29.71980840085595
01_AUS,2036,12.516157546168785,272708.1749418139,31.986867742526854
01_AUS,2037,12.509336372208693,270854.3149789405,10.051010707902279
01_AUS,2038,12.502104472427375,268902.589565295,1.6780302210218154
01_AUS,2039,12.494258963728285,266801.1661065568,29.27593063388247
01_AUS,2040,12.485948887615647,264593.21493666817,5.120877332467521
01_AUS,2041,12.47575666993491,261910.11986461372,32.95158190960831
01_AUS,2042,12.46525320086262,259173.5519081314,13.36768062817442
01_AUS,2043,12.454447159837857,256387.9894307945,11.856338423638576
01_AUS,2044,12.443314738608846,253549.59872845735,11.257709782910853
01_AUS,2045,12.431913747746377,250675.2981415545,23.705357455127665
01_AUS,2046,12.419237834610994,247517.8141120436,5.604993171294925
01_AUS,2047,12.40653758300917,244394.1532226493,4.097853152426297
01_AUS,2048,12.39384835349911,241312.57251261146,37.98708684130653
01_AUS,2049,12.381186075334725,238276.26942032966,19.46709481370822
03_CDA,2017,12.987914163456352,437098.637388746,30.238095648948303
03_CDA,2018,12.974450427993732,431253.09667334077,33.09818145701158
03_CDA,2019,12.962548622560375,426150.82954863034,9.474754138178751
03_CDA,2020,12.95191423921199,421642.9897935844,1.557253672279837
03_CDA,2021,12.942466630553966,417678.23007202416,28.041564604677376
03_CDA,2022,12.933904684073312,414117.3571746269,4.873730035230063
03_CDA,2023,12.926338683116,410995.9679608434,31.97117429184116
03_CDA,2024,12.9190705832728,408019.63746626256,12.241866215182426
03_CDA,2025,12.912143252110695,405202.91775603796,11.118423471268605
03_CDA,2026,12.905435188039633,402493.88695647015,11.018409338290127
03_CDA,2027,12.898926836518571,399882.8213382813,24.43449318532392
03_CDA,2028,12.892755781735588,397422.7210549458,5.5978592019576086
03_CDA,2029,12.886908997561536,395105.855884522,4.225484415508534
03_CDA,2030,12.881302320480456,392896.8233903736,36.59874976783081
03_CDA,2031,12.875944041352355,390797.2027423926,18.3029084985552
03_CDA,2032,12.870769349443135,388780.17087935744,7.007509986681048
03_CDA,2033,12.865796125660465,386851.47996824776,38.602615795852316
03_CDA,2034,12.861106328008704,385041.47240798536,1.530880226721146
03_CDA,2035,12.856481377684574,383264.7864345197,29.71980840085595
03_CDA,2036,12.851991272540488,381547.7449785183,31.986867742526854
03_CDA,2037,12.84772500618267,379923.42801830225,10.051010707902279
03_CDA,2038,12.843564105755886,378345.8887324663,1.6780302210218154
03_CDA,2039,12.839508868036289,376814.7129526547,29.27593063388247
03_CDA,2040,12.835559862427544,375329.60381987283,5.120877332467521
03_CDA,2041,12.831745357816345,373900.6344531796,32.95158190960831
03_CDA,2042,12.828065120231754,372527.1202648889,13.36768062817442
03_CDA,2043,12.824432694709143,371176.39792969305,11.856338423638576
03_CDA,2044,12.821069241374614,369930.06061005016,11.257709782910853
03_CDA,2045,12.817773492814696,368712.8710226929,23.705357455127665
03_CDA,2046,12.814547786981649,367525.427964545,5.604993171294925
03_CDA,2047,12.811412457215257,366374.91910516407,4.097853152426297
03_CDA,2048,12.808430803895336,365284.14307736716,37.98708684130653
03_CDA,2049,12.805581395524511,364244.7808692685,19.46709481370822
04_CHL,2017,11.934424373812076,152424.45478224676,30.238095648948303
04_CHL,2018,11.999429742828825,162662.00579040335,33.09818145701158
04_CHL,2019,12.05886833006403,172623.52222453972,9.474754138178751
04_CHL,2020,12.112030966780427,182048.9647167882,1.557253672279837
04_CHL,2021,12.158660145099956,190738.78345787557,28.041564604677376
04_CHL,2022,12.198852583945751,198561.18808876732,4.873730035230063
04_CHL,2023,12.232710756758163,205399.2154313332,31.97117429184116
04_CHL,2024,12.260540560023315,211195.71885234732,12.241866215182426
04_CHL,2025,12.282455557623903,215875.16021707145,11.118423471268605
04_CHL,2026,12.299298764897346,219541.9841359722,11.018409338290127
04_CHL,2027,12.311294369095693,222191.38167530397,24.43449318532392
04_CHL,2028,12.319435712111698,224007.70153788629,5.5978592019576086
04_CHL,2029,12.324206204047158,225078.8814677064,4.225484415508534
04_CHL,2030,12.325747396941695,225426.0388900945,36.59874976783081
04_CHL,2031,12.325109907099431,225282.3778762045,18.3029084985552
04_CHL,2032,12.322210486923325,224630.13562357274,7.007509986681048
04_CHL,2033,12.317700483351956,223619.33398249836,38.602615795852316
04_CHL,2034,12.311419906298113,222219.27671065746,1.530880226721146
04_CHL,2035,12.303784502437965,220529.00395683077,29.71980840085595
04_CHL,2036,12.295007080803686,218601.7982282897,31.986867742526854
04_CHL,2037,12.285264588432824,216482.41268915145,10.051010707902279
04_CHL,2038,12.274682111450744,214203.5716980301,1.6780302210218154
04_CHL,2039,12.263477157091756,211816.8271071874,29.27593063388247
04_CHL,2040,12.251370068480925,209267.80377439852,5.120877332467521
04_CHL,2041,12.238374065368221,206565.75469463816,32.95158190960831
04_CHL,2042,12.22481108967426,203783.02210955802,13.36768062817442
04_CHL,2043,12.210528410237346,200893.14127743567,11.856338423638576
04_CHL,2044,12.195647629473456,197925.8272161677,11.257709782910853
04_CHL,2045,12.179817749568258,194817.35343567844,23.705357455127665
04_CHL,2046,12.163135732083507,191594.36466025352,5.604993171294925
04_CHL,2047,12.145715065233276,188285.56746885602,4.097853152426297
04_CHL,2048,12.127072495472534,184807.95715716915,37.98708684130653
04_CHL,2049,12.107624596375674,181248.5542939143,19.46709481370822
05_PRC,2017,13.325205960161355,612439.8179475359,30.238095648948303
05_PRC,2018,13.349930775533068,627771.0290439029,33.09818145701158
05_PRC,2019,13.36877111869302,639710.5700134143,9.474754138178751
05_PRC,2020,13.38256983681822,648598.9388671826,1.557253672279837
05_PRC,2021,13.391981980714688,654732.4649460226,28.041564604677376
05_PRC,2022,13.397512656656772,658363.6101261469,4.873730035230063
05_PRC,2023,13.399567751639125,659718.001102251,31.97117429184116
05_PRC,2024,13.398497763841705,659012.4884036315,12.241866215182426
05_PRC,2025,13.39466628306036,656492.3257800264,11.118423471268605
05_PRC,2026,13.388499541204851,652456.3642335075,11.018409338290127
05_PRC,2027,13.380458436701074,647230.931705136,24.43449318532392
05_PRC,2028,13.37098617195494,641129.133515053,5.5978592019576086
05_PRC,2029,13.360508811670543,634446.8600166857,4.225484415508534
05_PRC,2030,13.349435031777801,627459.8926048628,36.59874976783081
05_PRC,2031,13.338153544694848,620420.9912232775,18.3029084985552
05_PRC,2032,13.32697600131658,613524.8215976785,7.007509986681048
05_PRC,2033,13.316099080336896,606887.7216347151,38.602615795852316
05_PRC,2034,13.305557474847234,600523.7528539689,1.530880226721146
05_PRC,2035,13.295243245254936,594361.6463109228,29.71980840085595
05_PRC,2036,13.284904750402319,588248.4963247485,31.986867742526854
05_PRC,2037,13.274169964421418,581967.547250793,10.051010707902279
05_PRC,2038,13.262582481023314,575262.9278108244,1.6780302210218154
05_PRC,2039,13.249648511877012,567870.4052370816,29.27593063388247
05_PRC,2040,13.234900651849046,559556.9852435875,5.120877332467521
05_PRC,2041,13.217951287746473,550152.7730096838,32.95158190960831
05_PRC,2042,13.198542568698855,539577.9660906062,13.36768062817442
05_PRC,2043,13.176547736609704,527839.604197898,11.856338423638576
05_PRC,2044,13.151964667662439,515021.8817933858,11.257709782910853
05_PRC,2045,13.12490091856816,501270.3817231954,23.705357455127665
05_PRC,2046,13.095554342240064,486773.56852156203,5.604993171294925
05_PRC,2047,13.064207159170566,471751.2718112998,4.097853152426297
05_PRC,2048,13.031201003648475,456434.73640985,37.98708684130653
05_PRC,2049,12.996917093730275,441051.5732472807,19.46709481370822
06_HKC,2017,12.824761643365418,371298.515991218,30.238095648948303
06_HKC,2018,12.829843860372376,373190.33887909603,33.09818145701158
06_HKC,2019,12.835513344655185,375312.144728884,9.474754138178751
06_HKC,2020,12.841179099978163,377444.60681038315,1.557253672279837
06_HKC,2021,12.847440693862882,379815.4264609532,28.041564604677376
06_HKC,2022,12.855720627465914,382973.3285418193,4.873730035230063
06_HKC,2023,12.866230371140444,387019.5049542523,31.97117429184116
06_HKC,2024,12.878060756073625,391625.2850322705,12.241866215182426
06_HKC,2025,12.890832173749388,396658.970348813,11.118423471268605
06_HKC,2026,12.90874398812396,403827.8644789926,11.018409338290127
06_HKC,2027,12.926666666743515,411130.7900178139,24.43449318532392
06_HKC,2028,12.9451459156722,418798.8096438051,5.5978592019576086
06_HKC,2029,12.96243531158082,426102.5447163474,4.225484415508534
06_HKC,2030,12.977650736176471,432635.45028641116,36.59874976783081
06_HKC,2031,12.994093490361323,439807.9750794061,18.3029084985552
06_HKC,2032,13.006983574860058,445513.8325295657,7.007509986681048
06_HKC,2033,13.018119343281612,450502.69726468704,38.602615795852316
06_HKC,2034,13.02843370369591,455173.39065140544,1.530880226721146
06_HKC,2035,13.038166685522173,459625.2146075106,29.71980840085595
06_HKC,2036,13.046651826608,463541.79225836904,31.986867742526854
06_HKC,2037,13.054490925366892,467189.8220984725,10.051010707902279
06_HKC,2038,13.062020795050287,470720.9784655351,1.6780302210218154
06_HKC,2039,13.069488938005989,474249.54956170346,29.27593063388247
06_HKC,2040,13.077358944965637,477996.6222211323,5.120877332467521
06_HKC,2041,13.084884816670256,481607.5340617224,32.95158190960831
06_HKC,2042,13.09213054698894,485109.80530685314,13.36768062817442
06_HKC,2043,13.100359307965093,489118.12708505755,11.856338423638576
06_HKC,2044,13.10816977174214,492953.32433732616,11.257709782910853
06_HKC,2045,13.116718306563527,497185.4163160572,23.705357455127665
06_HKC,2046,13.119411349954634,498526.1627494701,5.604993171294925
06_HKC,2047,13.1221691660253,499902.90373939095,4.097853152426297
06_HKC,2048,13.125166764678927,501403.6602196178,37.98708684130653
06_HKC,2049,13.128942599528143,503300.4563743738,19.46709481370822
07_INA,2017,11.168862894328527,70888.45712992914,30.238095648948303
07_INA,2018,11.258439112645476,77531.46342609086,33.09818145701158
07_INA,2019,11.348412119137793,84830.64355132486,9.474754138178751
07_INA,2020,11.439457504765885,92916.59156006726,1.557253672279837
07_INA,2021,11.531820133970328,101907.43028487967,28.041564604677376
07_INA,2022,11.625488819974565,111914.3157986414,4.873730035230063
07_INA,2023,11.720254975924393,123038.79312931154,31.97117429184116
07_INA,2024,11.815863372579756,135383.03992666266,12.241866215182426
07_INA,2025,11.911971959815832,149040.2913049799,11.118423471268605
07_INA,2026,12.008276915615001,164107.48945479427,11.018409338290127
07_INA,2027,12.104437200268535,180671.76307689905,24.43449318532392
07_INA,2028,12.20009680358072,198808.39557604355,5.5978592019576086
07_INA,2029,12.294905620393381,218579.61992527664,4.225484415508534
07_INA,2030,12.388515669689198,240029.15393820696,36.59874976783081
07_INA,2031,12.480655989310705,263196.44968687854,18.3029084985552
07_INA,2032,12.571110252969945,288113.6366423408,7.007509986681048
07_INA,2033,12.659687258389935,314798.2569145867,38.602615795852316
07_INA,2034,12.746208418676744,343247.9731307045,1.530880226721146
07_INA,2035,12.830546518453845,373452.6562355466,29.71980840085595
07_INA,2036,12.912611119160388,405392.5432059863,31.986867742526854
07_INA,2037,12.992411284706805,439068.7495558258,10.051010707902279
07_INA,2038,13.069954705129886,474470.4908600153,1.6780302210218154
07_INA,2039,13.145312240080768,511607.1068865046,29.27593063388247
07_INA,2040,13.218553582713609,550484.2270625584,5.120877332467521
07_INA,2041,13.28977270105412,591119.0421449565,32.95158190960831
07_INA,2042,13.359082583104653,633542.6387477674,13.36768062817442
07_INA,2043,13.426598399152468,677793.8056123293,11.856338423638576
07_INA,2044,13.492433002859954,723917.7086773355,11.257709782910853
07_INA,2045,13.556670619262366,771946.5719261002,23.705357455127665
07_INA,2046,13.619385061302113,821909.0813593114,5.604993171294925
07_INA,2047,13.68065926265291,873845.8470013936,4.097853152426297
07_INA,2048,13.740502594604068,927736.0984024076,37.98708684130653
07_INA,2049,13.798913288743803,983539.7065971772,19.46709481370822
08_JPN,2017,13.212302591786866,547053.8878335749,30.238095648948303
08_JPN,2018,13.208359011366312,544900.7850898277,33.09818145701158
08_JPN,2019,13.209412230680696,545474.9874485369,9.474754138178751
08_JPN,2020,13.214528277696559,548272.8139337114,1.557253672279837
08_JPN,2021,13.222783944882126,552817.9073872796,28.041564604677376
08_JPN,2022,13.233691695168345,558880.913840909,4.873730035230063
08_JPN,2023,13.24701318006052,566375.8484819715,31.97117429184116
08_JPN,2024,13.26258800424192,575266.1051225039,12.241866215182426
08_JPN,2025,13.280257364260777,585521.0211393788,11.118423471268605
08_JPN,2026,13.299931220638301,597154.5404722039,11.018409338290127
08_JPN,2027,13.321413756027539,610121.7192679103,24.43449318532392
08_JPN,2028,13.344455478473721,624343.1889595638,5.5978592019576086
08_JPN,2029,13.368605817907493,639604.8340930382,4.225484415508534
08_JPN,2030,13.393591151744461,655786.8896081435,36.59874976783081
08_JPN,2031,13.418469447345315,672306.3861328595,18.3029084985552
08_JPN,2032,13.4424359687726,688613.8677765669,7.007509986681048
08_JPN,2033,13.465422351181658,704625.9341908814,38.602615795852316
08_JPN,2034,13.487562239718796,720400.2502921169,1.530880226721146
08_JPN,2035,13.50887884804335,735921.5836222952,29.71980840085595
08_JPN,2036,13.529440876615212,751210.2687781386,31.986867742526854
08_JPN,2037,13.549204603542748,766204.6679299296,10.051010707902279
08_JPN,2038,13.56820654651638,780903.253912136,1.6780302210218154
08_JPN,2039,13.586501354620864,795321.2138571594,29.27593063388247
08_JPN,2040,13.604087550488545,809431.5988357109,5.120877332467521
08_JPN,2041,13.621216122764025,823415.4260874045,32.95158190960831
08_JPN,2042,13.638017832315994,837367.0906163356,13.36768062817442
08_JPN,2043,13.654807528464387,851544.9172813207,11.856338423638576
08_JPN,2044,13.671764655313186,866107.7957960288,11.257709782910853
08_JPN,2045,13.689059119988215,881216.942182702,23.705357455127665
08_JPN,2046,13.707064676475055,897227.450116522,5.604993171294925
08_JPN,2047,13.725950682388106,914333.5172391328,4.097853152426297
08_JPN,2048,13.746131631557786,932973.0849507381,37.98708684130653
08_JPN,2049,13.767762487002898,953373.9394055655,19.46709481370822
09_ROK,2017,13.911566083762565,1100820.186216648,30.238095648948303
09_ROK,2018,13.914839139600206,1104429.1350770455,33.09818145701158
09_ROK,2019,13.916658077835535,1106439.851589246,9.474754138178751
09_ROK,2020,13.917014734437402,1106834.541047,1.557253672279837
09_ROK,2021,13.915821378377288,1105514.481147297,28.041564604677376
09_ROK,2022,13.913040875716973,1102444.864707439,4.873730035230063
09_ROK,2023,13.908528738175619,1097481.6875357395,31.97117429184116
09_ROK,2024,13.902304970226039,1090672.4277897615,12.241866215182426
09_ROK,2025,13.894422640885296,1082109.1820097398,11.118423471268605
09_ROK,2026,13.884906372829436,1071860.3834687106,11.018409338290127
09_ROK,2027,13.873962694943627,1060194.2403813794,24.43449318532392
09_ROK,2028,13.861681533917404,1047253.4508076684,5.5978592019576086
09_ROK,2029,13.848327929230804,1033361.8004504356,4.225484415508534
09_ROK,2030,13.834007729132965,1018669.3035218784,36.59874976783081
09_ROK,2031,13.818906341094234,1003401.5553333601,18.3029084985552
09_ROK,2032,13.803062042665285,987628.6469505648,7.007509986681048
09_ROK,2033,13.786748705753734,971647.8326990891,38.602615795852316
09_ROK,2034,13.770196313918802,955697.1125140545,1.530880226721146
09_ROK,2035,13.753427251311665,939804.5915552464,29.71980840085595
09_ROK,2036,13.736652094542695,924170.7191502128,31.986867742526854
09_ROK,2037,13.719959891699446,908872.3113218616,10.051010707902279
09_ROK,2038,13.703301115177085,893857.0259870242,1.6780302210218154
09_ROK,2039,13.686710002994133,879149.2900176024,29.27593063388247
09_ROK,2040,13.670158807300242,864718.0744524294,5.120877332467521
09_ROK,2041,13.653611173206114,850526.776192534,32.95158190960831
09_ROK,2042,13.637076608273704,836579.3113749614,13.36768062817442
09_ROK,2043,13.620483572950913,822812.4541513678,11.856338423638576
09_ROK,2044,13.60379142302699,809191.9393976689,11.257709782910853
09_ROK,2045,13.586963146032955,795688.5711782734,23.705357455127665
09_ROK,2046,13.569976590161744,782286.7107826854,5.604993171294925
09_ROK,2047,13.552833982874729,768990.5678014101,4.097853152426297
09_ROK,2048,13.535585822626901,755840.6274047678,37.98708684130653
09_ROK,2049,13.518189632238972,742805.5886835335,19.46709481370822
10_MAS,2017,12.900570939004753,400540.8104315611,30.238095648948303
10_MAS,2018,12.928812482255154,412013.94805257476,33.09818145701158
10_MAS,2019,12.956454921745404,423561.8900140781,9.474754138178751
10_MAS,2020,12.982148665650866,434585.79700273275,1.557253672279837
10_MAS,2021,13.006116828259707,445127.8522275324,28.041564604677376
10_MAS,2022,13.028344568863131,455132.82065547205,4.873730035230063
10_MAS,2023,13.04962631785466,464922.6459123536,31.97117429184116
10_MAS,2024,13.07038733224482,474675.8040684249,12.241866215182426
10_MAS,2025,13.091097772363751,484609.0548352023,11.118423471268605
10_MAS,2026,13.109276074675904,493498.9818218342,11.018409338290127
10_MAS,2027,13.127406555437515,502527.9581301193,24.43449318532392
10_MAS,2028,13.145266835319235,511583.8780151708,5.5978592019576086
10_MAS,2029,13.163437752767095,520964.79827772675,4.225484415508534
10_MAS,2030,13.181907354194095,530676.21741307,36.59874976783081
10_MAS,2031,13.200471898707885,540619.9949383314,18.3029084985552
10_MAS,2032,13.219625811462693,551074.7886286954,7.007509986681048
10_MAS,2033,13.238836909457119,561763.8862999416,38.602615795852316
10_MAS,2034,13.258471128219073,572902.6742016954,1.530880226721146
10_MAS,2035,13.277881171340963,584131.3619375932,29.71980840085595
10_MAS,2036,13.295400953252738,594455.3892879463,31.986867742526854
10_MAS,2037,13.312825606163187,604904.3383996007,10.051010707902279
10_MAS,2038,13.329819024810831,615271.5689250836,1.6780302210218154
10_MAS,2039,13.345942417084727,625272.2395031344,29.27593063388247
10_MAS,2040,13.361346616945212,634978.6256694356,5.120877332467521
10_MAS,2041,13.374573199568488,643433.0109865887,32.95158190960831
10_MAS,2042,13.386901268628662,651414.3940174114,13.36768062817442
10_MAS,2043,13.398684744784761,659135.7227010725,11.856338423638576
10_MAS,2044,13.409308321282197,666175.4286924081,11.257709782910853
10_MAS,2045,13.419060351112961,672703.7719062496,23.705357455127665
10_MAS,2046,13.425370929170356,676962.3444630754,5.604993171294925
10_MAS,2047,13.430314495134239,680317.2382047771,4.097853152426297
10_MAS,2048,13.433996589006085,682826.8476117895,37.98708684130653
10_MAS,2049,13.43628501828897,684391.2378805407,19.46709481370822
11_MEX,2017,12.377180400038322,237323.72112744642,30.238095648948303
11_MEX,2018,12.40764855999385,244665.8203821093,33.09818145701158
11_MEX,2019,12.438789164852135,252404.73385761422,9.474754138178751
11_MEX,2020,12.470695844208686,260587.98675653525,1.557253672279837
11_MEX,2021,12.503409721396649,269253.80355414486,28.041564604677376
11_MEX,2022,12.536993326449494,278449.87119788193,4.873730035230063
11_MEX,2023,12.571456630813534,288213.4501080988,31.97117429184116
11_MEX,2024,12.606714088244347,298556.3849389476,12.241866215182426
11_MEX,2025,12.643014557578043,309593.23125214525,11.118423471268605
11_MEX,2026,12.680534669899018,321429.87153704197,11.018409338290127
11_MEX,2027,12.719443672906161,334182.8819667197,24.43449318532392
11_MEX,2028,12.759862418574588,347966.82319822226,5.5978592019576086
11_MEX,2029,12.80186646627634,362894.14758617326,4.225484415508534
11_MEX,2030,12.845463665516071,379065.26238844654,36.59874976783081
11_MEX,2031,12.89062463866252,396576.6582365655,18.3029084985552
11_MEX,2032,12.937282617934539,415518.583510509,7.007509986681048
11_MEX,2033,12.985326344448767,435968.9675476977,38.602615795852316
11_MEX,2034,13.034575132053533,457977.40693967673,1.530880226721146
11_MEX,2035,13.084868147510939,481599.5061359193,29.71980840085595
11_MEX,2036,13.136006590269178,506868.3530963825,31.986867742526854
11_MEX,2037,13.18779133840816,533807.9122854389,10.051010707902279
11_MEX,2038,13.23998968103821,562411.8451458674,1.6780302210218154
11_MEX,2039,13.292420079987496,592686.0315364,29.27593063388247
11_MEX,2040,13.344917570926585,624631.7599032718,5.120877332467521
11_MEX,2041,13.39732449588547,658239.743575247,32.95158190960831
11_MEX,2042,13.449518906784661,693508.5911642505,13.36768062817442
11_MEX,2043,13.501396154913197,730435.45933409,11.856338423638576
11_MEX,2044,13.552888281786194,769032.3242858214,11.257709782910853
11_MEX,2045,13.603908846627242,809286.963207397,23.705357455127665
11_MEX,2046,13.654359093814774,851163.1406420412,5.604993171294925
11_MEX,2047,13.704075795915985,894549.7480929794,4.097853152426297
11_MEX,2048,13.753055232407306,939455.0315062904,37.98708684130653
11_MEX,2049,13.801339706834236,985929.0827744228,19.46709481370822
12_NZ,2017,12.406323997107634,244341.95965120755,30.238095648948303
12_NZ,2018,12.399952008456282,242789.9653534869,33.09818145701158
12_NZ,2019,12.398646665288027,242473.2478883534,9.474754138178751
12_NZ,2020,12.401575071115573,243184.3486481243,1.557253672279837
12_NZ,2021,12.407096499394855,244530.7872994064,28.041564604677376
12_NZ,2022,12.413176519985766,246022.06843734262,4.873730035230063
12_NZ,2023,12.41992243038662,247687.32177747198,31.97117429184116
12_NZ,2024,12.427747600422665,249633.12035957316,12.241866215182426
12_NZ,2025,12.433905110564993,251174.9809695957,11.118423471268605
12_NZ,2026,12.440871555480951,252930.88674786058,11.018409338290127
12_NZ,2027,12.447020666263938,254490.97846351835,24.43449318532392
12_NZ,2028,12.452391536111648,255861.4935207445,5.5978592019576086
12_NZ,2029,12.45940953622781,257663.44516456427,4.225484415508534
12_NZ,2030,12.464779290090275,259050.75586945692,36.59874976783081
12_NZ,2031,12.470951478364912,260654.6104619359,18.3029084985552
12_NZ,2032,12.476368152450776,262070.32229914106,7.007509986681048
12_NZ,2033,12.482699279400478,263734.78618570603,38.602615795852316
12_NZ,2034,12.489203676449065,265455.8130038151,1.530880226721146
12_NZ,2035,12.495154623459158,267040.2362139403,29.71980840085595
12_NZ,2036,12.502171308437653,268920.5625421489,31.986867742526854
12_NZ,2037,12.509493216090164,270896.80015269737,10.051010707902279
12_NZ,2038,12.51711364980534,272969.03690525785,1.6780302210218154
12_NZ,2039,12.524205393818473,274911.74388679257,29.27593063388247
12_NZ,2040,12.531480997709153,276919.18666422303,5.120877332467521
12_NZ,2041,12.538917569949474,278986.19239340443,32.95158190960831
12_NZ,2042,12.546561895714431,281127.0259213478,13.36768062817442
12_NZ,2043,12.553685516852667,283136.81834656553,11.856338423638576
12_NZ,2044,12.561780689469586,285438.1620851035,11.257709782910853
12_NZ,2045,12.569283206456944,287587.72021035396,23.705357455127665
12_NZ,2046,12.576156034171305,289571.0688638462,5.604993171294925
12_NZ,2047,12.582401721871165,291385.2989867193,4.097853152426297
12_NZ,2048,12.589499696297464,293460.90196126304,37.98708684130653
12_NZ,2049,12.595932941665977,295354.89367419324,19.46709481370822
14_PE,2017,11.765003706695568,128669.67067168365,30.238095648948303
14_PE,2018,11.822591384429145,136296.96964096578,33.09818145701158
14_PE,2019,11.879275860011369,144246.05851506704,9.474754138178751
14_PE,2020,11.9341420943347,152381.43455895985,1.557253672279837
14_PE,2021,11.986761623818875,160614.38130171192,28.041564604677376
14_PE,2022,12.037589230063007,168989.05526508245,4.873730035230063
14_PE,2023,12.08695948885824,177541.46901392465,31.97117429184116
14_PE,2024,12.134796437479894,186240.9300764427,12.241866215182426
14_PE,2025,12.181323595494455,195110.9393457984,11.118423471268605
14_PE,2026,12.226454989528113,204118.29649307238,11.018409338290127
14_PE,2027,12.27043068657581,213294.8343879718,24.43449318532392
14_PE,2028,12.313659723125813,222717.56501502104,5.5978592019576086
14_PE,2029,12.356079365030231,232368.4099399551,4.225484415508534
14_PE,2030,12.397916876354095,242296.358149208,36.59874976783081
14_PE,2031,12.438750223371162,252394.90503484887,18.3029084985552
14_PE,2032,12.479056794036515,262775.8835416821,7.007509986681048
14_PE,2033,12.518865227330524,273447.5823177182,38.602615795852316
14_PE,2034,12.558262576229785,284435.7226895248,1.530880226721146
14_PE,2035,12.597146707888891,295713.6031185722,29.71980840085595
14_PE,2036,12.635461623249618,307263.7023716384,31.986867742526854
14_PE,2037,12.673388100383589,319140.93936417706,10.051010707902279
14_PE,2038,12.710854630435323,331324.86239626445,1.6780302210218154
14_PE,2039,12.747945567445484,343844.76413189963,29.27593063388247
14_PE,2040,12.784526131305313,356655.68632995937,5.120877332467521
14_PE,2041,12.822528319667189,370470.2114966461,32.95158190960831
14_PE,2042,12.860188524017195,384688.24193068093,13.36768062817442
14_PE,2043,12.897589994777615,399348.59845651046,11.856338423638576
14_PE,2044,12.934692427240131,414443.70381479384,11.257709782910853
14_PE,2045,12.971573114480195,430014.02975736547,23.705357455127665
14_PE,2046,13.008818546654789,446332.08835500357,5.604993171294925
14_PE,2047,13.045967362853998,463224.62326082867,4.097853152426297
14_PE,2048,13.082778614341665,480594.23862920346,37.98708684130653
14_PE,2049,13.119420587836926,498530.7680967529,19.46709481370822
15_RP,2017,11.51258439745875,99965.89906454357,30.238095648948303
15_RP,2018,11.56451758831426,105294.61827476855,33.09818145701158
15_RP,2019,11.619173273082753,111209.74291278867,9.474754138178751
15_RP,2020,11.676398863195304,117759.40286794488,1.557253672279837
15_RP,2021,11.735022490842926,124869.25274690698,28.041564604677376
15_RP,2022,11.795833307759876,132698.28651429492,4.873730035230063
15_RP,2023,11.857750908757467,141174.34695651484,31.97117429184116
15_RP,2024,11.920378376413653,150298.46704890722,12.241866215182426
15_RP,2025,11.983234959111755,160048.94586835642,11.118423471268605
15_RP,2026,12.044603952517136,170178.63398995277,11.018409338290127
15_RP,2027,12.105437890620165,180852.65005785585,24.43449318532392
15_RP,2028,12.165778996497693,192101.46913667247,5.5978592019576086
15_RP,2029,12.225429930290533,203909.17034934688,4.225484415508534
15_RP,2030,12.284173197276873,216246.27458148368,36.59874976783081
15_RP,2031,12.34105015106151,228902.20777880997,18.3029084985552
15_RP,2032,12.39687820381208,242044.8222293085,7.007509986681048
15_RP,2033,12.45168991259206,255682.03804158745,38.602615795852316
15_RP,2034,12.505450455246761,269803.8399533888,1.530880226721146
15_RP,2035,12.558318615989918,284451.66284583486,29.71980840085595
15_RP,2036,12.608507494867284,299092.2983487069,31.986867742526854
15_RP,2037,12.657643715907028,314155.6101646482,10.051010707902279
15_RP,2038,12.705720370042656,329628.1137800441,1.6780302210218154
15_RP,2039,12.752821427803214,345525.3971228168,29.27593063388247
15_RP,2040,12.798753863951275,361766.35850862594,5.120877332467521
15_RP,2041,12.842781690042285,378049.9807405725,32.95158190960831
15_RP,2042,12.885763788349848,394653.63601137843,13.36768062817442
15_RP,2043,12.927736208778613,411570.7469139179,11.856338423638576
15_RP,2044,12.968782460059087,428815.6820689253,11.257709782910853
15_RP,2045,13.008725943582823,446290.7585461681,23.705357455127665
15_RP,2046,13.046469005553936,463457.05480543844,5.604993171294925
15_RP,2047,13.083253480059652,480822.5105523579,4.097853152426297
15_RP,2048,13.119060110802998,498351.09159072116,37.98708684130653
15_RP,2049,13.153874266016212,516006.30635963206,19.46709481370822
17_SIN,2017,13.35550601854493,631280.7798522378,30.238095648948303
17_SIN,2018,13.32060959183525,609631.2784522387,33.09818145701158
17_SIN,2019,13.287924193686873,590027.3635394605,9.474754138178751
17_SIN,2020,13.254877137163133,570847.362712579,1.557253672279837
17_SIN,2021,13.223395068906713,553155.8509439015,28.041564604677376
17_SIN,2022,13.191227153566928,535645.1319686198,4.873730035230063
17_SIN,2023,13.159416919975172,518874.291538849,31.97117429184116
17_SIN,2024,13.12671830594786,502182.2125126688,12.241866215182426
17_SIN,2025,13.092346983733961,485214.81225736276,11.118423471268605
17_SIN,2026,13.055943278845065,467868.8398290889,11.018409338290127
17_SIN,2027,13.017810452847725,450363.5627808242,24.43449318532392
17_SIN,2028,12.977387775443047,432521.6991078013,5.5978592019576086
17_SIN,2029,12.936791845544574,415314.70849441213,4.225484415508534
17_SIN,2030,12.895004893009002,398317.57491291326,36.59874976783081
17_SIN,2031,12.849311181189025,380526.53125134157,18.3029084985552
17_SIN,2032,12.803410789283276,363455.0063294359,7.007509986681048
17_SIN,2033,12.756774494012065,346893.98517185525,38.602615795852316
17_SIN,2034,12.710036346513931,331053.8554840296,1.530880226721146
17_SIN,2035,12.66278045147547,315773.49623038905,29.71980840085595
17_SIN,2036,12.617672655655241,301846.12772118533,31.986867742526854
17_SIN,2037,12.572701923162525,288572.58367912803,10.051010707902279
17_SIN,2038,12.527950970759294,275943.37780145986,1.6780302210218154
17_SIN,2039,12.482615948503168,263712.8098449877,29.27593063388247
17_SIN,2040,12.43736301361912,252045.0230971446,5.120877332467521
17_SIN,2041,12.390956266943816,240615.68388288395,32.95158190960831
17_SIN,2042,12.344015067282982,229581.8907514107,13.36768062817442
17_SIN,2043,12.296850988160742,219005.25154326484,11.856338423638576
17_SIN,2044,12.249920502300794,208964.67599842238,11.257709782910853
17_SIN,2045,12.20287932246211,199362.35403303112,23.705357455127665
17_SIN,2046,12.156292580385525,190287.73120288108,5.604993171294925
17_SIN,2047,12.110228073203276,181721.0454981232,4.097853152426297
17_SIN,2048,12.064855699940919,173660.1834417195,37.98708684130653
17_SIN,2049,12.019622209611216,165979.9388295387,19.46709481370822
18_CT,2017,13.546130699988339,763853.0448607148,30.238095648948303
18_CT,2018,13.512207345710552,738375.1780229823,33.09818145701158
18_CT,2019,13.478478419271257,713885.8961743636,9.474754138178751
18_CT,2020,13.445389492036867,690650.711306852,1.557253672279837
18_CT,2021,13.409160760854292,666077.1348134122,28.041564604677376
18_CT,2022,13.373030819910127,642441.3579482525,4.873730035230063
18_CT,2023,13.331860115934262,616528.6767623082,31.97117429184116
18_CT,2024,13.28965434548158,591049.0840523315,12.241866215182426
18_CT,2025,13.246790566424096,566249.7795276128,11.118423471268605
18_CT,2026,13.199935543026529,540330.1080807694,11.018409338290127
18_CT,2027,13.152588743957635,515343.395055288,24.43449318532392
18_CT,2028,13.101515626738973,489684.0306774706,5.5978592019576086
18_CT,2029,13.048455672696548,464378.7049110879,4.225484415508534
18_CT,2030,12.992484146922408,439100.74224323547,36.59874976783081
18_CT,2031,12.935252580747713,414675.9209417295,18.3029084985552
18_CT,2032,12.879786381396285,392301.666964169,7.007509986681048
18_CT,2033,12.820607198382163,369759.1764987907,38.602615795852316
18_CT,2034,12.75958138795383,347869.0476055068,1.530880226721146
18_CT,2035,12.696117740197964,326477.9660745501,29.71980840085595
18_CT,2036,12.632888251124086,306474.01504024194,31.986867742526854
18_CT,2037,12.571783754372888,288307.746940268,10.051010707902279
18_CT,2038,12.507927385057512,270472.95345912554,1.6780302210218154
18_CT,2039,12.443046989749945,253481.7202003273,29.27593063388247
18_CT,2040,12.377098008054588,237304.16836078285,5.120877332467521
18_CT,2041,12.310023490993473,221909.18287195332,32.95158190960831
18_CT,2042,12.243235153720436,207572.33363118663,13.36768062817442
18_CT,2043,12.174954669025027,193872.24089652512,11.856338423638576
18_CT,2044,12.10635356201928,181018.3274984385,11.257709782910853
18_CT,2045,12.037046666505974,168897.39283075518,23.705357455127665
18_CT,2046,11.968495256560258,157707.17292828395,5.604993171294925
18_CT,2047,11.899251704966106,147156.4675765833,4.097853152426297
18_CT,2048,11.8300676653368,137319.78272768506,37.98708684130653
18_CT,2049,11.76107032174056,128164.5573786506,19.46709481370822
19_THA,2017,12.61907959972416,302271.1072314057,30.238095648948303
19_THA,2018,12.66588693084188,316755.96530074877,33.09818145701158
19_THA,2019,12.71461238599339,332572.24244629237,9.474754138178751
19_THA,2020,12.765125058322909,349802.8742331516,1.557253672279837
19_THA,2021,12.818285126201019,368901.5651044554,28.041564604677376
19_THA,2022,12.873008946951954,389651.85773103737,4.873730035230063
19_THA,2023,12.929406498439748,412258.76371102897,31.97117429184116
19_THA,2024,12.986770866821802,436599.1895505718,12.241866215182426
19_THA,2025,13.045374189508848,462949.9322392427,11.118423471268605
19_THA,2026,13.105051449085465,491418.5310513859,11.018409338290127
19_THA,2027,13.165275793255036,521923.233221037,24.43449318532392
19_THA,2028,13.225937471852419,554563.9852727161,5.5978592019576086
19_THA,2029,13.286669563133554,589287.5613681165,4.225484415508534
19_THA,2030,13.347392338475954,626179.492662471,36.59874976783081
19_THA,2031,13.408379426189525,665556.9089203029,18.3029084985552
19_THA,2032,13.469106031825051,707226.3376930002,7.007509986681048
19_THA,2033,13.529614137055946,751340.435076399,38.602615795852316
19_THA,2034,13.589747448779777,797907.0961419619,1.530880226721146
19_THA,2035,13.649535298931424,847067.1911917026,29.71980840085595
19_THA,2036,13.710373017288363,900200.6998584145,31.986867742526854
19_THA,2037,13.770891446406965,956361.6795801236,10.051010707902279
19_THA,2038,13.831126614059258,1015738.6238762862,1.6780302210218154
19_THA,2039,13.890955223542914,1078363.5554437486,29.27593063388247
19_THA,2040,13.950358511528265,1144362.7748414704,5.120877332467521
19_THA,2041,14.00907758961823,1213570.7314784494,32.95158190960831
19_THA,2042,14.067224114301636,1286227.5527811323,13.36768062817442
19_THA,2043,14.125209136452154,1363014.2104033392,11.856338423638576
19_THA,2044,14.182942434536088,1444021.4234890228,11.257709782910853
19_THA,2045,14.240301064356144,1529270.013810066,23.705357455127665
19_THA,2046,14.297455912217345,1619221.2993269125,5.604993171294925
19_THA,2047,14.354418699986837,1714134.2489029574,4.097853152426297
19_THA,2048,14.411361990824856,1814575.27643794,37.98708684130653
19_THA,2049,14.46813752115473,1920579.4995649369,19.46709481370822
20_USA,2017,12.623039716751306,303470.5095091879,30.238095648948303
20_USA,2018,12.622583242235065,303332.0145672769,33.09818145701158
20_USA,2019,12.619544188074812,302411.5714930676,9.474754138178751
20_USA,2020,12.614945706048529,301024.1298247112,1.557253672279837
20_USA,2021,12.609308131246381,299331.85841092607,28.041564604677376
20_USA,2022,12.602887109926755,297415.9996339423,4.873730035230063
20_USA,2023,12.595865289607616,295334.9129835638,31.97117429184116
20_USA,2024,12.588414352299337,293142.56871442264,12.241866215182426
20_USA,2025,12.580664704571321,290879.5970151469,11.118423471268605
20_USA,2026,12.57274428540907,288584.8085209984,11.018409338290127
20_USA,2027,12.56476857330233,286292.2935421973,24.43449318532392
20_USA,2028,12.556819227663937,284025.4789306955,5.5978592019576086
20_USA,2029,12.548601408614175,281700.97320467466,4.225484415508534
20_USA,2030,12.53974609326319,279217.43473961623,36.59874976783081
20_USA,2031,12.530262234873591,276581.8934330404,18.3029084985552
20_USA,2032,12.520163371188971,273802.7871208961,7.007509986681048
20_USA,2033,12.509466045907883,270889.4399372483,38.602615795852316
20_USA,2034,12.498144414235554,267839.82535560284,1.530880226721146
20_USA,2035,12.486196936503047,264658.8551298987,29.71980840085595
20_USA,2036,12.473617680592769,261350.49563812156,31.986867742526854
20_USA,2037,12.460433091227346,257927.3128905877,10.051010707902279
20_USA,2038,12.446655367305311,254398.03015209996,1.6780302210218154
20_USA,2039,12.432300624463934,250772.29734022784,29.27593063388247
20_USA,2040,12.41737186747815,247056.38464611108,5.120877332467521
20_USA,2041,12.401919493228322,243268.121140994,32.95158190960831
20_USA,2042,12.38599397013428,239424.63505539534,13.36768062817442
20_USA,2043,12.369627424973288,235537.9733231021,11.856338423638576
20_USA,2044,12.352812771915012,231610.59530175352,11.257709782910853
20_USA,2045,12.335563507167578,227649.7419371648,23.705357455127665
20_USA,2046,12.317883093913407,223660.17296332965,5.604993171294925
20_USA,2047,12.299807214112166,219653.6384682996,4.097853152426297
20_USA,2048,12.281345117413766,215635.57680494175,37.98708684130653
20_USA,2049,12.262491426138851,211608.13557810974,19.46709481370822
21_VN,2017,12.573307124487885,288747.28104743944,30.238095648948303
21_VN,2018,12.68145939229248,321727.2424087421,33.09818145701158
21_VN,2019,12.738897360997953,340747.6186562196,9.474754138178751
21_VN,2020,12.744631428503794,342707.1010372717,1.557253672279837
21_VN,2021,12.752644209739628,345464.16920652625,28.041564604677376
21_VN,2022,12.76612189788409,350151.7454322198,4.873730035230063
21_VN,2023,12.78223062534403,355837.92002866365,31.97117429184116
21_VN,2024,12.801040299693794,362594.46038125927,12.241866215182426
21_VN,2025,12.821618179611278,370133.18511151185,11.118423471268605
21_VN,2026,12.850725645011947,381065.1531042204,11.018409338290127
21_VN,2027,12.881275131952181,392886.1412491968,24.43449318532392
21_VN,2028,12.912123217806652,405194.79987890273,5.5978592019576086
21_VN,2029,12.943242029920953,418002.22310298844,4.225484415508534
21_VN,2030,12.97380195099447,430973.52961548907,36.59874976783081
21_VN,2031,13.005580589494231,444889.2214048416,18.3029084985552
21_VN,2032,13.036024958362304,458641.8761991952,7.007509986681048
21_VN,2033,13.064007447177346,471657.0668317483,38.602615795852316
21_VN,2034,13.088329768925405,483269.5100926722,1.530880226721146
21_VN,2035,13.107242619703472,492496.4934662589,29.71980840085595
21_VN,2036,13.122421723955311,500029.1741265885,31.986867742526854
21_VN,2037,13.132851383627667,505271.59907145845,10.051010707902279
21_VN,2038,13.137680622219591,507717.5775302168,1.6780302210218154
21_VN,2039,13.136367839607034,507051.4920307369,29.27593063388247
21_VN,2040,13.128078824198495,502865.9055609114,5.120877332467521
21_VN,2041,13.109239885320108,493481.1227347522,32.95158190960831
21_VN,2042,13.083853931071758,481111.3076110278,13.36768062817442
21_VN,2043,13.052168780534544,466106.19831998,11.856338423638576
21_VN,2044,13.012733597612964,448082.92629871797,11.257709782910853
21_VN,2045,12.966598069072461,427880.0032743063,23.705357455127665
21_VN,2046,12.91080798579594,404662.22501405573,5.604993171294925
21_VN,2047,12.848472082302578,380207.3657871253,4.097853152426297
21_VN,2048,12.780465382264426,355210.33368706336,37.98708684130653
21_VN,2049,12.708434695856907,330524.0472559911,19.46709481370822
16_RUS,2017,12.537157469864896,278495.5806621082,30.238095648948303
16_RUS,2018,12.571092277025555,288108.4575741805,33.09818145701158
16_RUS,2019,12.59948570870435,296406.0870219055,9.474754138178751
16_RUS,2020,12.624181333174267,303817.1542567466,1.557253672279837
16_RUS,2021,12.646882902085965,310793.1639080732,28.041564604677376
16_RUS,2022,12.668671961182964,317639.3698580768,4.873730035230063
16_RUS,2023,12.690219237090972,324557.9030929801,31.97117429184116
16_RUS,2024,12.711842716567773,331652.40169000265,12.241866215182426
16_RUS,2025,12.733670705862096,338971.29452574754,11.118423471268605
16_RUS,2026,12.75565741487165,346506.6934950853,11.018409338290127
16_RUS,2027,12.7776862018966,354224.51062580955,24.43449318532392
16_RUS,2028,12.799440482622686,362014.83934109315,5.5978592019576086
16_RUS,2029,12.820478436272182,369711.56859215314,4.225484415508534
16_RUS,2030,12.840315119651322,377118.64292909374,36.59874976783081
16_RUS,2031,12.858460186410325,384023.9450052733,18.3029084985552
16_RUS,2032,12.874311138829713,390159.58972582,7.007509986681048
16_RUS,2033,12.887212920591779,395225.9559031663,38.602615795852316
16_RUS,2034,12.896369646414882,398861.5512922739,1.530880226721146
16_RUS,2035,12.901330967251852,400845.34847570397,29.71980840085595
16_RUS,2036,12.901757998186312,401016.5583928014,31.986867742526854
16_RUS,2037,12.897388343840618,399268.0775562736,10.051010707902279
16_RUS,2038,12.888118638342574,395584.08122275135,1.6780302210218154
16_RUS,2039,12.874037569913227,390052.86878803425,29.27593063388247
16_RUS,2040,12.855378350247932,382842.2679271756,5.120877332467521
16_RUS,2041,12.832713248688949,374262.7046584842,32.95158190960831
16_RUS,2042,12.80675835523148,364673.7346809842,13.36768062817442
16_RUS,2043,12.778519212855015,354519.7064585124,11.856338423638576
16_RUS,2044,12.749112850212654,344246.36254350585,11.257709782910853
16_RUS,2045,12.7197709178795,334292.25953067304,23.705357455127665
16_RUS,2046,12.691771760886128,325062.1783087843,5.604993171294925
16_RUS,2047,12.666257434947456,316873.34643011057,4.097853152426297
16_RUS,2048,12.64432765188296,310000.0233807067,37.98708684130653
16_RUS,2049,12.62685412529494,304630.2805274465,19.46709481370822
