Economy,Year,GDP
01_AUS,1990,515.317626049377
02_BD,1990,23.08849700925624
03_CDA,1990,916.5548409075649
04_CHL,1990,125.46469429776299
05_PRC,1990,1825.795839049806
06_HKC,1990,162.1363265442446
07_INA,1990,884.2749564020371
08_JPN,1990,3980.922738122894
09_ROK,1990,525.4576235542752
10_MAS,1990,200.55412257474308
11_MEX,1990,940.5093842977686
12_NZ,1990,83.052842336916
13_PNG,1990,10.786809279646542
14_PE,1990,122.1844728011287
15_RP,1990,261.7603085719227
16_RUS,1990,3224.936157671072
17_SIN,1990,110.27203305047426
18_CT,1990,371.75037451415466
19_THA,1990,396.5059375763737
20_USA,1990,9748.318566926584
21_VN,1990,104.42134026464934
27_WOR,1990,49519.57061769519
01_AUS,1991,513.3205306995841
02_BD,1991,23.81484758645668
03_CDA,1991,897.071705839166
04_CHL,1991,135.25645109624097
05_PRC,1991,1995.4866903556062
06_HKC,1991,171.38129793074796
07_INA,1991,945.3958896108239
08_JPN,1991,4116.970643786462
09_ROK,1991,579.86325028895
10_MAS,1991,219.69795099002278
11_MEX,1991,980.220048507831
12_NZ,1991,81.68866179036993
13_PNG,1991,11.81661492759751
14_PE,1991,124.89606283596483
15_RP,1991,260.2464580042893
16_RUS,1991,3062.1755824495553
17_SIN,1991,117.64600794752631
18_CT,1991,399.4258513876652
19_THA,1991,430.43994790334216
20_USA,1991,9741.096570863929
21_VN,1991,110.6457333892697
27_WOR,1991,50216.557898129555
01_AUS,1992,515.5925686283554
02_BD,1992,24.94809636209597
03_CDA,1992,904.9926339347307
04_CHL,1992,150.36014368138814
05_PRC,1992,2279.1683425385827
06_HKC,1992,182.06681159529356
07_INA,1992,1006.8230491481033
08_JPN,1992,4151.8854194860505
09_ROK,1992,615.6727382845621
10_MAS,1992,239.21837310386326
11_MEX,1992,1015.7888887057768
12_NZ,1992,82.72324666990603
13_PNG,1992,13.453108004823738
14_PE,1992,124.2209882199155
15_RP,1992,261.12505793249915
16_RUS,1992,2617.208589481355
17_SIN,1992,125.98428751879325
18_CT,1992,429.48392653599427
19_THA,1992,465.23407910031955
20_USA,1992,10087.431143085003
21_VN,1992,120.21221601008259
27_WOR,1992,51100.66503989304
01_AUS,1993,536.4177591440542
02_BD,1993,25.02408149622969
03_CDA,1993,929.022323089136
04_CHL,1993,160.26704850983708
05_PRC,1993,2595.23374497076
06_HKC,1993,193.35708280939016
07_INA,1993,1072.2303834715535
08_JPN,1993,4130.381980864649
09_ROK,1993,657.8262740418855
10_MAS,1993,262.8888956244558
11_MEX,1993,1321.2310835923654
12_NZ,1993,88.12741370470958
13_PNG,1993,15.901881193391333
14_PE,1993,130.73461139699359
15_RP,1993,266.65126628006135
16_RUS,1993,2390.3348070809616
17_SIN,1993,140.51958288176309
18_CT,1993,455.9600185259515
19_THA,1993,503.6207435872597
20_USA,1993,10364.417548894111
21_VN,1993,129.91662442552663
27_WOR,1993,52332.581762978356
01_AUS,1994,557.759321916292
02_BD,1994,25.81118830382455
03_CDA,1994,970.7677053797897
04_CHL,1994,168.32879834245458
05_PRC,1994,2933.9677725773868
06_HKC,1994,205.02834621331834
07_INA,1994,1153.0762444626318
08_JPN,1994,4171.399414992698
09_ROK,1994,718.3866917531197
10_MAS,1994,287.10633060175326
11_MEX,1994,1386.5141773449234
12_NZ,1994,92.724484392277
13_PNG,1994,16.846788316443025
14_PE,1994,146.82590609806903
15_RP,1994,278.35091947902316
16_RUS,1994,2089.875554735868
17_SIN,1994,155.8719882367333
18_CT,1994,488.06470270580303
19_THA,1994,543.8948152816096
20_USA,1994,10782.895772582568
21_VN,1994,141.39993011250164
27_WOR,1994,53878.15492028584
01_AUS,1995,579.1179831076207
02_BD,1995,26.967195888887215
03_CDA,1995,996.7620341174237
04_CHL,1995,183.3661079318804
05_PRC,1995,3255.2145750494356
06_HKC,1995,209.89528500709355
07_INA,1995,1247.8591970739742
08_JPN,1995,4285.785040347049
09_ROK,1995,787.1406381589268
10_MAS,1995,315.32625639541175
11_MEX,1995,1299.2853700808625
12_NZ,1995,96.96868500519554
13_PNG,1995,16.28874708267278
14_PE,1995,157.70775403084983
15_RP,1995,291.37410229082184
16_RUS,1995,2003.2809674821158
17_SIN,1995,166.82674303721762
18_CT,1995,516.0127589501311
19_THA,1995,588.0604984377845
20_USA,1995,11076.080097968676
21_VN,1995,154.89016241220884
27_WOR,1995,55642.944473444775
01_AUS,1996,601.5798342986806
02_BD,1996,27.743397474082574
03_CDA,1996,1012.8203492369573
04_CHL,1996,195.84035131940848
05_PRC,1996,3578.404402536425
06_HKC,1996,218.8339089501773
07_INA,1996,1345.419163555132
08_JPN,1996,4418.644346201681
09_ROK,1996,846.9201054694845
10_MAS,1996,346.8673979728599
11_MEX,1996,1387.2893293755874
12_NZ,1996,100.22484955385592
13_PNG,1996,17.548469231346427
14_PE,1996,162.12195160986772
15_RP,1996,308.40746364152466
16_RUS,1996,1931.1628526438064
17_SIN,1996,179.39202306798032
18_CT,1996,541.8761508604206
19_THA,1996,621.2998768159162
20_USA,1996,11496.514943363645
21_VN,1996,169.35693068107847
27_WOR,1996,57781.871803166716
01_AUS,1997,625.4410201081226
02_BD,1997,27.33524449728625
03_CDA,1997,1056.167160470664
04_CHL,1997,210.38715681479906
05_PRC,1997,3908.7186550782444
06_HKC,1997,229.99380517732797
07_INA,1997,1408.6522343194315
08_JPN,1997,4466.190958105442
09_ROK,1997,897.076284851512
10_MAS,1997,372.2676021039283
11_MEX,1997,1482.2749804350512
12_NZ,1997,103.24001131398528
13_PNG,1997,16.863308613822326
14_PE,1997,172.62230576320846
15_RP,1997,324.39950791611756
16_RUS,1997,1958.1991325684758
17_SIN,1997,194.26562685909678
18_CT,1997,571.7293062429906
19_THA,1997,604.191821944506
20_USA,1997,12012.366614663311
21_VN,1997,183.1630501727016
27_WOR,1997,60071.65024955373
01_AUS,1998,654.0658254762316
02_BD,1998,27.182574737299777
03_CDA,1998,1097.1650257962758
04_CHL,1998,219.4855166624309
05_PRC,1998,4215.068932435673
06_HKC,1998,216.46402269135336
07_INA,1998,1223.7423223780168
08_JPN,1998,4415.794020358305
09_ROK,1998,847.9952743932066
10_MAS,1998,344.8708836412943
11_MEX,1998,1558.818551207984
12_NZ,1998,104.3406655287536
13_PNG,1998,16.227711419894515
14_PE,1998,171.9464246063992
15_RP,1998,322.5286370835282
16_RUS,1998,1854.4145785679757
17_SIN,1998,189.94277035045158
18_CT,1998,593.03252901227
19_THA,1998,558.0694276353637
20_USA,1998,12546.906233599084
21_VN,1998,193.7214026263199
27_WOR,1998,61553.352242536625
01_AUS,1999,686.8872668259597
02_BD,1999,28.012229633415593
03_CDA,1999,1153.8139699999765
04_CHL,1999,218.58102526107223
05_PRC,1999,4538.258759922664
06_HKC,1999,221.8901215651518
07_INA,1999,1233.4236670668029
08_JPN,1999,4404.668238677392
09_ROK,1999,943.8918502581674
10_MAS,1999,366.03772041718435
11_MEX,1999,1601.7414656353146
12_NZ,1999,109.75984825905493
13_PNG,1999,16.528825367295465
14_PE,1999,174.51687000825012
15_RP,1999,332.46870023759635
16_RUS,1999,1973.0971115982536
17_SIN,1999,201.52017062375046
18_CT,1999,628.6669637695078
19_THA,1999,583.5860269716603
20_USA,1999,13134.753835321817
21_VN,1999,202.96886208695085
27_WOR,1999,63715.52884705126
01_AUS,2000,713.9725305391427
02_BD,2000,28.81041622745491
03_CDA,2000,1213.6125745394295
04_CHL,2000,230.22470187261854
05_PRC,2000,4923.625387888118
06_HKC,2000,238.89460010865537
07_INA,2000,1294.1089470942297
08_JPN,2000,4527.10184288363
09_ROK,2000,1028.1287802773247
10_MAS,2000,398.4645195369764
11_MEX,2000,1680.9067962030845
12_NZ,2000,112.27273341967293
13_PNG,2000,16.11645729114862
14_PE,2000,179.21900263855787
15_RP,2000,347.1346332179761
16_RUS,2000,2170.406822743186
17_SIN,2000,219.4505173155209
18_CT,2000,662.0000428048781
19_THA,2000,609.5887296953003
20_USA,2000,13672.251138380112
21_VN,2000,216.74500096695988
27_WOR,2000,66733.10483255837
01_AUS,2001,727.7743744291492
02_BD,2001,29.600985722040456
03_CDA,2001,1235.1034576763811
04_CHL,2001,237.82913270055326
05_PRC,2001,5334.25134104797
06_HKC,2001,240.23449019470323
07_INA,2001,1341.2593723720145
08_JPN,2001,4545.497083045592
09_ROK,2001,1074.6547615097436
10_MAS,2001,400.5272719943089
11_MEX,2001,1674.1093750803302
12_NZ,2001,116.53645448016626
13_PNG,2001,16.096909864833744
14_PE,2001,180.32638310192192
15_RP,2001,357.1806645850397
16_RUS,2001,2280.923595911167
17_SIN,2001,217.36071183949537
18_CT,2001,650.0596067701863
19_THA,2001,630.584451514175
20_USA,2001,13805.689825780279
21_VN,2001,230.16778763553026
27_WOR,2001,68300.55844351756
01_AUS,2002,756.9073448126333
02_BD,2002,30.74716459239841
03_CDA,2002,1272.2802731681315
04_CHL,2002,245.2184137707142
05_PRC,2002,5821.302944795918
06_HKC,2002,244.21430488688918
07_INA,2002,1401.6090077594647
08_JPN,2002,4550.860441271894
09_ROK,2002,1154.5277632354007
10_MAS,2002,422.119650427079
11_MEX,2002,1673.4423348806133
12_NZ,2002,122.43388875508602
13_PNG,2002,16.07133178924869
14_PE,2002,190.16053458757239
15_RP,2002,370.20312628390866
16_RUS,2002,2389.123081900046
17_SIN,2002,226.5152637094493
18_CT,2002,685.9883296775986
19_THA,2002,669.3583315851985
20_USA,2002,14052.277074202773
21_VN,2002,244.71628146334575
27_WOR,2002,70164.4400194365
01_AUS,2003,779.5066672931824
02_BD,2003,31.640048562457412
03_CDA,2003,1295.21024098603
04_CHL,2003,255.2504160097494
05_PRC,2003,6405.505799291431
06_HKC,2003,251.67827288954314
07_INA,2003,1468.6110919730352
08_JPN,2003,4620.407607449468
09_ROK,2003,1188.3925782685576
10_MAS,2003,446.5540433566179
11_MEX,2003,1697.6467150340923
12_NZ,2003,127.99271793122126
13_PNG,2003,16.41913188264003
14_PE,2003,198.08076484994322
15_RP,2003,388.60358658801124
16_RUS,2003,2563.4300217437317
17_SIN,2003,236.56195895819093
18_CT,2003,712.2631358532609
19_THA,2003,717.4807106901438
20_USA,2003,14446.693008459577
21_VN,2003,261.5994130961328
27_WOR,2003,72812.41060305304
01_AUS,2004,810.6955515881316
02_BD,2004,31.79961510251702
03_CDA,2004,1335.1799265991317
04_CHL,2004,273.6527961105095
05_PRC,2004,7053.180804275418
06_HKC,2004,273.57434663627026
07_INA,2004,1542.4950647527342
08_JPN,2004,4722.273174084665
09_ROK,2004,1246.6219185287914
10_MAS,2004,476.84575884657096
11_MEX,2004,1764.2044961348734
12_NZ,2004,132.17760640940253
13_PNG,2004,16.865925316310328
14_PE,2004,207.90201168343506
15_RP,2004,414.63079216977434
16_RUS,2004,2747.380457684711
17_SIN,2004,259.15167552965306
18_CT,2004,759.2461296294335
19_THA,2004,762.6051428661291
20_USA,2004,14993.607656044644
21_VN,2004,281.31461902517015
27_WOR,2004,76743.33321094599
01_AUS,2005,836.5593042414755
02_BD,2005,31.922840903229332
03_CDA,2005,1377.9241382599414
04_CHL,2005,289.36821232077943
05_PRC,2005,7856.945485460515
06_HKC,2005,293.78669160080716
07_INA,2005,1630.3026961719017
08_JPN,2005,4800.789012602317
09_ROK,2005,1295.535340913944
10_MAS,2005,502.2718381878468
11_MEX,2005,1804.9189321539059
12_NZ,2005,136.56445663620624
13_PNG,2005,17.936033858172095
14_PE,2005,220.96877853482715
15_RP,2005,434.4404740965949
16_RUS,2005,2922.5585740102333
17_SIN,2005,278.5599525672356
18_CT,2005,799.0434095494111
19_THA,2005,794.5417873692062
20_USA,2005,15495.176227830136
21_VN,2005,302.54613021590774
27_WOR,2005,80369.73135350014
01_AUS,2006,860.2693400261559
02_BD,2006,33.32671795925462
03_CDA,2006,1414.0727740391815
04_CHL,2006,307.6481125740954
05_PRC,2006,8856.30801815078
06_HKC,2006,314.447918320917
07_INA,2006,1719.9848614411908
08_JPN,2006,4868.960531323289
09_ROK,2006,1362.594242929638
10_MAS,2006,530.3229522206194
11_MEX,2006,1886.051444081641
12_NZ,2006,140.0781411805417
13_PNG,2006,18.34757007508302
14_PE,2006,237.6052947896055
15_RP,2006,457.21801592286016
16_RUS,2006,3160.8473992110235
17_SIN,2006,303.24091066040353
18_CT,2006,842.7259354315476
19_THA,2006,834.0139624971317
20_USA,2006,15908.374598924573
21_VN,2006,323.6576624673246
27_WOR,2006,84657.22292588511
01_AUS,2007,892.7645435396337
02_BD,2007,33.37823500367044
03_CDA,2007,1443.2415275242488
04_CHL,2007,322.73925082493724
05_PRC,2007,10116.68357784957
06_HKC,2007,334.77645239299113
07_INA,2007,1829.1182831950302
08_JPN,2007,4949.5020916129015
09_ROK,2007,1437.0381676517136
10_MAS,2007,563.7268597046034
11_MEX,2007,1929.2692891964768
12_NZ,2007,145.3456649375627
13_PNG,2007,20.383743118808496
14_PE,2007,257.8454351596866
15_RP,2007,487.47058794066453
16_RUS,2007,3430.628260029958
17_SIN,2007,330.8707885577416
18_CT,2007,896.0114115471057
19_THA,2007,879.3433934047248
20_USA,2007,16191.316215153543
21_VN,2007,346.7328500256231
27_WOR,2007,89233.72554470149
01_AUS,2008,925.4197882558005
02_BD,2008,32.73079249344937
03_CDA,2008,1457.6791525111416
04_CHL,2008,334.13043129018257
05_PRC,2008,11093.377485365392
06_HKC,2008,341.90029704887166
07_INA,2008,1939.1160352414568
08_JPN,2008,4895.377276722343
09_ROK,2008,1477.6951845016943
10_MAS,2008,590.9648444024775
11_MEX,2008,1951.3321153017368
12_NZ,2008,143.09930927677374
13_PNG,2008,20.323758561574415
14_PE,2008,281.37787491174305
15_RP,2008,507.7140561412066
16_RUS,2008,3610.6660369821284
17_SIN,2008,336.78550170282335
18_CT,2008,886.0018956726102
19_THA,2008,894.517940148816
20_USA,2008,16144.098862625162
21_VN,2008,366.36407069713596
27_WOR,2008,91786.43069235254
01_AUS,2009,943.213087098338
02_BD,2009,32.15324602694479
03_CDA,2009,1414.6836283574803
04_CHL,2009,328.9038312929066
05_PRC,2009,12136.134243389597
06_HKC,2009,333.4927991860275
07_INA,2009,2028.8752185931783
08_JPN,2009,4630.223435457253
09_ROK,2009,1488.1500249097899
10_MAS,2009,582.0204217185968
11_MEX,2009,1848.189692427339
12_NZ,2009,145.8411845537174
13_PNG,2009,21.706902954598213
14_PE,2009,284.4612802369002
15_RP,2009,513.5443002302829
16_RUS,2009,3328.2799975202583
17_SIN,2009,334.7533773949502
18_CT,2009,881.8826126961783
19_THA,2009,888.3392064487839
20_USA,2009,15696.01462421007
21_VN,2009,386.1400278668769
27_WOR,2009,91437.21334302516
01_AUS,2010,962.5767047501646
02_BD,2010,32.98889787755118
03_CDA,2010,1458.3055992043
04_CHL,2010,348.12555432630995
05_PRC,2010,13426.950528322639
06_HKC,2010,356.06253332514746
07_INA,2010,2155.149453705227
08_JPN,2010,4824.310328962521
09_ROK,2010,1584.8320602715658
10_MAS,2010,625.2345498260061
11_MEX,2010,1942.7822243964297
12_NZ,2010,147.24440599541308
13_PNG,2010,23.904658793309036
14_PE,2010,308.16390008929886
15_RP,2010,552.7393609889742
16_RUS,2010,3478.1765966678286
17_SIN,2010,385.7710542504887
18_CT,2010,971.6179611200791
19_THA,2010,955.08537807565
20_USA,2010,16093.425254396425
21_VN,2010,410.94272170863223
27_WOR,2010,96251.87263182107
01_AUS,2011,986.1704712850283
02_BD,2011,34.22443712390141
03_CDA,2011,1504.1141717848454
04_CHL,2011,369.39922437467203
05_PRC,2011,14707.404013175938
06_HKC,2011,373.2058308314354
07_INA,2011,2288.117524352482
08_JPN,2011,4818.7420453487875
09_ROK,2011,1643.1806410741317
10_MAS,2011,658.3339219407882
11_MEX,2011,2013.9464913290058
12_NZ,2011,151.21381846874078
13_PNG,2011,24.16935769252902
14_PE,2011,327.6620229602576
15_RP,2011,572.9682486034266
16_RUS,2011,3661.9942443484283
17_SIN,2011,410.2701132241721
18_CT,2011,997.9045914714656
19_THA,2011,963.1077081786116
20_USA,2011,16351.154165093647
21_VN,2011,436.5867916677187
27_WOR,2011,100198.8198844196
01_AUS,2012,1024.551634586286
02_BD,2012,34.5368520476214
03_CDA,2012,1530.3680677607329
04_CHL,2012,389.046194955576
05_PRC,2012,15862.85622206734
06_HKC,2012,379.55147867404287
07_INA,2012,2426.0921700723907
08_JPN,2012,4890.786555842008
09_ROK,2012,1680.8488787002234
10_MAS,2012,694.3675275905579
11_MEX,2012,2087.300921133934
12_NZ,2012,154.99328172089247
13_PNG,2012,25.292851114960698
14_PE,2012,347.77956913483155
15_RP,2012,611.2644085884793
16_RUS,2012,3795.8731495318343
17_SIN,2012,427.0226631172801
18_CT,2012,1016.2307502286645
19_THA,2012,1032.86354426239
20_USA,2012,16714.808878687076
21_VN,2012,459.49610358133737
27_WOR,2012,103518.91922437095
01_AUS,2013,1051.594494220124
02_BD,2013,33.80258872407612
03_CDA,2013,1568.2447058892649
04_CHL,2013,404.78313026310855
05_PRC,2013,17093.438731536888
06_HKC,2013,391.3232253904488
07_INA,2013,2560.9165092993153
08_JPN,2013,4988.615386495454
09_ROK,2013,1729.5297068762252
10_MAS,2013,726.9592126060305
11_MEX,2013,2115.5648951196745
12_NZ,2013,158.12106163153197
13_PNG,2013,26.26154990601552
14_PE,2013,368.13343175206074
15_RP,2013,654.4442747272374
16_RUS,2013,3863.642941656346
17_SIN,2013,448.84816404596046
18_CT,2013,1040.1503310095854
19_THA,2013,1060.6205117402114
20_USA,2013,16995.171638175918
21_VN,2013,484.40944466713285
27_WOR,2013,107034.5240329395
01_AUS,2014,1078.4978307541821
02_BD,2014,33.00831349427954
03_CDA,2014,1613.0296847757106
04_CHL,2014,411.9345948633689
05_PRC,2014,18340.860791135998
06_HKC,2014,402.13320325885337
07_INA,2014,2689.133107580351
08_JPN,2014,5007.308699948228
09_ROK,2014,1787.3210385476589
10_MAS,2014,770.6256311971382
11_MEX,2014,2175.758719185878
12_NZ,2014,163.72643969532464
13_PNG,2014,30.31146249956727
14_PE,2014,376.880366293345
15_RP,2014,694.6618307962408
16_RUS,2014,3892.179838296696
17_SIN,2014,466.2809209095619
18_CT,2014,1083.8119337954515
19_THA,2014,1071.0614092216808
20_USA,2014,17431.810499225405
21_VN,2014,513.3948328649196
27_WOR,2014,110807.24972521453
01_AUS,2015,1103.854786265678
02_BD,2015,32.82121755126079
03_CDA,2015,1629.1742165149433
04_CHL,2015,421.430746516965
05_PRC,2015,19606.417750874676
06_HKC,2015,411.7355237028405
07_INA,2015,2820.263904987923
08_JPN,2015,5075.098802516458
09_ROK,2015,1837.1915165882356
10_MAS,2015,809.3727368604573
11_MEX,2015,2246.9163017016667
12_NZ,2015,170.9865529327648
13_PNG,2015,31.917662935136665
14_PE,2015,389.13414005874216
15_RP,2015,736.8038304751313
16_RUS,2015,3782.099619576713
17_SIN,2015,476.73054664205665
18_CT,2015,1103.089
19_THA,2015,1103.4093273543835
20_USA,2015,17930.63692674131
21_VN,2015,547.6859563793315
27_WOR,2015,114568.42303355072
01_AUS,2016,1135.0641886635358
02_BD,2016,32.01200560456759
03_CDA,2016,1652.2124138409122
04_CHL,2016,426.7655018062101
05_PRC,2016,20920.047740183265
06_HKC,2016,420.64104726063744
07_INA,2016,2962.21567254497
08_JPN,2016,5122.713069212946
09_ROK,2016,1891.0084557714783
10_MAS,2016,843.5270629777016
11_MEX,2016,2312.3763496686597
12_NZ,2016,176.92227731082136
13_PNG,2016,32.524098530904254
14_PE,2016,404.51003310577244
15_RP,2016,787.4643606627269
16_RUS,2016,3773.5932620957897
17_SIN,2016,488.15788014178077
18_CT,2016,1118.8061166549307
19_THA,2016,1139.6307585889053
20_USA,2016,18196.9569462209
21_VN,2016,581.7016996615882
27_WOR,2016,118288.50582251964
01_AUS,2017,1157.2839262402715
02_BD,2017,32.437365575511876
03_CDA,2017,1702.5611200816886
04_CHL,2017,433.1239066425917
05_PRC,2017,22363.531034255935
06_HKC,2017,436.58901554723224
07_INA,2017,3112.331291858526
08_JPN,2017,5210.4436866360375
09_ROK,2017,1948.9256663767817
10_MAS,2017,893.3100835628853
11_MEX,2017,2359.4698788386995
12_NZ,2017,182.28064632235976
13_PNG,2017,33.23962869858415
14_PE,2017,414.7337437784622
15_RP,2017,840.1025536794957
16_RUS,2017,3831.919060277819
17_SIN,2017,505.82207970083164
18_CT,2017,1144.7780219658462
19_THA,2017,1184.110262666981
20_USA,2017,18610.635383097208
21_VN,2017,621.3286484488359
27_WOR,2017,122744.62335969409
01_AUS,2018,1201.142573044593
02_BD,2018,33.06990744775484
03_CDA,2018,1736.225570615856
04_CHL,2018,457.4892746900239
05_PRC,2018,23659.61252847443
06_HKC,2018,449.15979307632864
07_INA,2018,3295.6092802902385
08_JPN,2018,5250.003682047788
09_ROK,2018,2013.342661585153
10_MAS,2018,936.244052186672
11_MEX,2018,2423.064928041367
12_NZ,2018,186.6828112124676
13_PNG,2018,34.87668437091806
14_PE,2018,432.9314934077994
15_RP,2018,883.4396102815883
16_RUS,2018,3970.161308865174
17_SIN,2018,527.0875184836726
18_CT,2018,1174.2262779100424
19_THA,2018,1226.9865831792758
20_USA,2018,19124.824556891286
21_VN,2018,659.4645195271681
27_WOR,2018,
01_AUS,2019,1245.0390436902646
02_BD,2019,33.6765174045528
03_CDA,2019,1771.1687625631268
04_CHL,2019,482.2439330945999
05_PRC,2019,24947.92152575571
06_HKC,2019,461.8591705980494
07_INA,2019,3488.936656138237
08_JPN,2019,5296.109833115375
09_ROK,2019,2078.1302763412323
10_MAS,2019,980.6861030181835
11_MEX,2019,2488.662577130829
12_NZ,2019,191.405456062625
13_PNG,2019,36.66514097076126
14_PE,2019,451.5893016269245
15_RP,2019,929.8297070151041
16_RUS,2019,4100.894051443608
17_SIN,2019,548.9968551711474
18_CT,2019,1204.3325864561432
19_THA,2019,1271.7640104624309
20_USA,2019,19629.75351822959
21_VN,2019,696.5400744835141
27_WOR,2019,
01_AUS,2020,1289.2245256983067
02_BD,2020,34.259481487500594
03_CDA,2020,1807.362860006072
04_CHL,2020,507.19116380146886
05_PRC,2020,26230.10540733055
06_HKC,2020,474.5711982923629
07_INA,2020,3693.7348140284453
08_JPN,2020,5347.531502458026
09_ROK,2020,2143.1839040071227
10_MAS,2020,1026.5351416420883
11_MEX,2020,2556.590943217924
12_NZ,2020,196.38826195320834
13_PNG,2020,38.639170722282344
14_PE,2020,470.55653267015794
15_RP,2020,979.4895725488137
16_RUS,2020,4227.12334638796
17_SIN,2020,570.7673544531077
18_CT,2020,1235.324727049284
19_THA,2020,1318.6161117357274
20_USA,2020,20133.209031772192
21_VN,2020,732.1078181811343
27_WOR,2020,
01_AUS,2021,1333.6396858617347
02_BD,2021,34.76133239789712
03_CDA,2021,1844.7124604634073
04_CHL,2021,532.1832779323136
05_PRC,2021,27506.86183018264
06_HKC,2021,487.07545612323617
07_INA,2021,3911.045296754372
08_JPN,2021,5403.147928927426
09_ROK,2021,2208.2673381742206
10_MAS,2021,1073.9954752332721
11_MEX,2021,2627.0085397348794
12_NZ,2021,201.5681609924607
13_PNG,2021,40.72545439373061
14_PE,2021,489.6655027183155
15_RP,2021,1032.1955577892008
16_RUS,2021,4351.665390529781
17_SIN,2021,592.6331772318366
18_CT,2021,1265.0257972871973
19_THA,2021,1368.016320323389
20_USA,2021,20639.388991739565
21_VN,2021,769.5290196991335
27_WOR,2021,
01_AUS,2022,1378.646228254014
02_BD,2022,35.25930322003204
03_CDA,2022,1883.170718361836
04_CHL,2022,557.0930073556467
05_PRC,2022,28778.357426765913
06_HKC,2022,499.2793210388541
07_INA,2022,4141.6022766206615
08_JPN,2022,5462.3065207912805
09_ROK,2022,2273.1367413242697
10_MAS,2022,1122.952095424179
11_MEX,2022,2700.146947302018
12_NZ,2022,206.89745584012692
13_PNG,2022,43.001855419216184
14_PE,2022,508.982910654093
15_RP,2022,1088.467794252181
16_RUS,2022,4476.521507906239
17_SIN,2022,614.3910894743761
18_CT,2022,1295.170880778473
19_THA,2022,1419.6412239276833
20_USA,2022,21150.427784056857
21_VN,2022,809.0924678369207
27_WOR,2022,
01_AUS,2023,1424.4426293414529
02_BD,2023,35.74498417821091
03_CDA,2023,1922.7520778810635
04_CHL,2023,581.8188688279599
05_PRC,2023,30044.823379119327
06_HKC,2023,511.2531616245747
07_INA,2023,4385.948175096245
08_JPN,2023,5524.722221845074
09_ROK,2023,2337.591252904002
10_MAS,2023,1173.554862214173
11_MEX,2023,2776.111140126517
12_NZ,2023,212.34357097752127
13_PNG,2023,45.470344984910604
14_PE,2023,528.560340305491
15_RP,2023,1148.052439375604
16_RUS,2023,4602.990137711763
17_SIN,2023,636.1660492944417
18_CT,2023,1322.5251804731806
19_THA,2023,1473.6352115175425
20_USA,2023,21667.511158690286
21_VN,2023,850.6393135107871
27_WOR,2023,
01_AUS,2024,1471.2058197687124
02_BD,2024,36.21604655650144
03_CDA,2024,1963.133816925033
04_CHL,2024,606.2988797361692
05_PRC,2024,31306.91204440258
06_HKC,2024,523.2378309601916
07_INA,2024,4644.49099151526
08_JPN,2024,5590.267170142799
09_ROK,2024,2401.5156193673383
10_MAS,2024,1225.847958895854
11_MEX,2024,2854.9171998681936
12_NZ,2024,217.88736813798582
13_PNG,2024,48.128000499561395
14_PE,2024,548.3541673430137
15_RP,2024,1210.9496855746609
16_RUS,2024,4731.838474106231
17_SIN,2024,658.1108712500518
18_CT,2024,1349.5520267302109
19_THA,2024,1529.9001942513605
20_USA,2024,22191.525581899
21_VN,2024,894.2082911746771
27_WOR,2024,
01_AUS,2025,1519.0063086358064
02_BD,2025,36.670805374897306
03_CDA,2025,2004.1095679815655
04_CHL,2025,630.5043573717959
05_PRC,2025,32566.129111418453
06_HKC,2025,535.4166282148312
07_INA,2025,4917.539392942039
08_JPN,2025,5658.856244283154
09_ROK,2025,2464.833931959611
10_MAS,2025,1279.9383065994361
11_MEX,2025,2937.1124946134023
12_NZ,2025,223.51897062281836
13_PNG,2025,50.979655124634384
14_PE,2025,568.3644019414703
15_RP,2025,1277.063575229691
16_RUS,2025,4863.433859467284
17_SIN,2025,680.3014096841513
18_CT,2025,1376.4029569834993
19_THA,2025,1588.6120838832476
20_USA,2025,22723.298420131483
21_VN,2025,939.7466748918099
27_WOR,2025,
01_AUS,2026,1566.8596529259637
02_BD,2026,37.067938784377645
03_CDA,2026,2045.7105891066687
04_CHL,2026,654.4351009035748
05_PRC,2026,33825.34552011897
06_HKC,2026,547.3574283813989
07_INA,2026,5205.336959494049
08_JPN,2026,5730.421374947725
09_ROK,2026,2527.488780571608
10_MAS,2026,1334.8070582751495
11_MEX,2026,3023.294578479674
12_NZ,2026,229.23592169831994
13_PNG,2026,53.92422111955815
14_PE,2026,588.5920376923904
15_RP,2026,1345.5974061778422
16_RUS,2026,4997.82436800401
17_SIN,2026,702.7181254198647
18_CT,2026,1400.846239293074
19_THA,2026,1649.8936731209767
20_USA,2026,23263.858108470617
21_VN,2026,987.9114039812001
27_WOR,2026,
01_AUS,2027,1615.9585992292402
02_BD,2027,37.46276766897426
03_CDA,2027,2087.986904982718
04_CHL,2027,678.1107657289837
05_PRC,2027,35088.93372249411
06_HKC,2027,559.4722532431812
07_INA,2027,5508.052854214441
08_JPN,2027,5804.8558103514215
09_ROK,2027,2589.456878576657
10_MAS,2027,1391.4455546852594
11_MEX,2027,3114.081121840698
12_NZ,2027,235.0410129478407
13_PNG,2027,57.05106267971177
14_PE,2027,609.0640726335126
15_RP,2027,1417.1394933751326
16_RUS,2027,5134.736240781309
17_SIN,2027,725.1938516426002
18_CT,2027,1425.0274391592945
19_THA,2027,1713.5495418823702
20_USA,2027,23814.33590397527
21_VN,2027,1038.2446348571318
27_WOR,2027,
01_AUS,2028,1666.2222778138298
02_BD,2028,37.85801065837322
03_CDA,2028,2130.945077325357
04_CHL,2028,701.5592257408988
05_PRC,2028,36362.31270301204
06_HKC,2028,571.8199627339143
07_INA,2028,5825.728932115292
08_JPN,2028,5881.8623621547695
09_ROK,2028,2650.7284896032206
10_MAS,2028,1449.8007784591541
11_MEX,2028,3210.0393403876938
12_NZ,2028,240.9359906351235
13_PNG,2028,60.365945937777425
14_PE,2028,629.8293208283186
15_RP,2028,1491.768515868079
16_RUS,2028,5273.529221370249
17_SIN,2028,747.7500539141088
18_CT,2028,1446.775432147069
19_THA,2028,1779.5829440432394
20_USA,2028,24375.09772916911
21_VN,2028,1090.711843883287
27_WOR,2028,
01_AUS,2029,1717.4199636728592
02_BD,2029,38.25590742668084
03_CDA,2029,2174.536543888175
04_CHL,2029,724.8162389318137
05_PRC,2029,37651.6951519874
06_HKC,2029,584.3939781829997
07_INA,2029,6158.276586729758
08_JPN,2029,5960.930694021197
09_ROK,2029,2711.3248498065805
10_MAS,2029,1510.0848572043785
11_MEX,2029,3311.660729364829
12_NZ,2029,246.9194669139268
13_PNG,2029,63.8714113866259
14_PE,2029,650.8912409236905
15_RP,2029,1569.44855703267
16_RUS,2029,5413.199016186695
17_SIN,2029,770.4325821941552
18_CT,2029,1467.0793141017193
19_THA,2029,1847.8320118350036
20_USA,2029,24942.329790259068
21_VN,2029,1145.4173195268336
27_WOR,2029,
01_AUS,2030,1769.3937962228101
02_BD,2030,38.654200455971285
03_CDA,2030,2218.710070273853
04_CHL,2030,747.9239886439917
05_PRC,2030,38964.09592865271
06_HKC,2030,597.2737749834573
07_INA,2030,6505.53818421805
08_JPN,2030,6041.482769417827
09_ROK,2030,2771.278697744955
10_MAS,2030,1572.3915282747225
11_MEX,2030,3419.3618896456305
12_NZ,2030,252.9902716995934
13_PNG,2030,67.57787018617755
14_PE,2030,672.2904556070259
15_RP,2030,1650.1044188270191
16_RUS,2030,5552.4441563623295
17_SIN,2030,793.2509408344594
18_CT,2030,1485.2060010240318
19_THA,2030,1918.3067188027314
20_USA,2030,25510.84473065322
21_VN,2030,1202.372647507211
27_WOR,2030,
01_AUS,2031,1821.332122453267
02_BD,2031,38.97988829851687
03_CDA,2031,2263.425517157098
04_CHL,2031,770.928878598603
05_PRC,2031,40306.88905049149
06_HKC,2031,609.9856774690599
07_INA,2031,6867.313615864774
08_JPN,2031,6122.23937513257
09_ROK,2031,2830.634440724023
10_MAS,2031,1636.5940904555193
11_MEX,2031,3533.473991320429
12_NZ,2031,259.149179264235
13_PNG,2031,71.37800232068619
14_PE,2031,693.8433652532266
15_RP,2031,1733.122606636613
16_RUS,2031,5689.705502945769
17_SIN,2031,815.1075277713053
18_CT,2031,1502.2676300011683
19_THA,2031,1991.2107971569594
20_USA,2031,26080.027713360996
21_VN,2031,1261.8429588665679
27_WOR,2031,
01_AUS,2032,1874.0541690986306
02_BD,2032,39.31756879145919
03_CDA,2032,2308.6949063890097
04_CHL,2032,793.879790592035
05_PRC,2032,41686.98852904819
06_HKC,2032,623.1094852343427
07_INA,2032,7243.345959975827
08_JPN,2032,6201.587219503598
09_ROK,2032,2889.462983398826
10_MAS,2032,1702.9872363249603
11_MEX,2032,3654.226261861564
12_NZ,2032,265.3999628766169
13_PNG,2032,75.37245665586373
14_PE,2032,715.7247401543723
15_RP,2032,1819.0356261299416
16_RUS,2032,5823.179932146355
17_SIN,2032,837.0792737697433
18_CT,2032,1520.4448917526424
19_THA,2032,2066.292733232481
20_USA,2032,26649.5253325366
21_VN,2032,1323.645211902747
27_WOR,2032,
01_AUS,2033,1927.5693719861383
02_BD,2033,39.6635488858325
03_CDA,2033,2354.5388251822988
04_CHL,2033,816.8236113282733
05_PRC,2033,43109.57600673476
06_HKC,2033,636.5822704289857
07_INA,2033,7633.308546276125
08_JPN,2033,6279.518300288991
09_ROK,2033,2947.844914392718
10_MAS,2033,1771.408428474573
11_MEX,2033,3781.7323432707044
12_NZ,2033,271.74748972935373
13_PNG,2033,79.56804742208845
14_PE,2033,737.9366256814357
15_RP,2033,1907.918138708389
16_RUS,2033,5950.780589587849
17_SIN,2033,859.2225485209669
18_CT,2033,1535.6371372626052
19_THA,2033,2143.52617436848
20_USA,2033,27218.948086293436
21_VN,2033,1387.7635677024823
27_WOR,2033,
01_AUS,2034,1981.9319913704444
02_BD,2034,40.018318138533076
03_CDA,2034,2400.9738420289386
04_CHL,2034,839.8065640028332
05_PRC,2034,44577.04452119652
06_HKC,2034,650.3277729999902
07_INA,2034,8036.803251883598
08_JPN,2034,6356.080281130683
09_ROK,2034,3005.866379224983
10_MAS,2034,1842.0571248260399
11_MEX,2034,3916.000285054688
12_NZ,2034,278.1966821611417
13_PNG,2034,83.9726332877409
14_PE,2034,760.4626456550369
15_RP,2034,1999.7178365843981
16_RUS,2034,6070.005041462376
17_SIN,2034,881.4869758652726
18_CT,2034,1549.0833427150317
19_THA,2034,2222.85856130586
20_USA,2034,27787.665910546155
21_VN,2034,1454.1565605893165
27_WOR,2034,
01_AUS,2035,2037.1277054252612
02_BD,2035,40.37763015056935
03_CDA,2035,2448.001199350481
04_CHL,2035,862.8703395389664
05_PRC,2035,46088.49835763618
06_HKC,2035,664.2264015804551
07_INA,2035,8453.413859340053
08_JPN,2035,6431.338776886964
09_ROK,2035,3063.6093064236
10_MAS,2035,1914.7771271045167
11_MEX,2035,4056.930893510308
12_NZ,2035,284.75256453477584
13_PNG,2035,88.60181940712523
14_PE,2035,783.3184768084283
15_RP,2035,2094.6084970933334
16_RUS,2035,6179.099593517234
17_SIN,2035,903.9757932699392
18_CT,2035,1560.1585880392697
19_THA,2035,2304.2967001984516
20_USA,2035,28355.03267844857
21_VN,2035,1522.6863854919868
27_WOR,2035,
01_AUS,2036,2091.8955890239927
02_BD,2036,40.67279155590232
03_CDA,2036,2495.6264785258554
04_CHL,2036,886.0498810993885
05_PRC,2036,47639.38521889909
06_HKC,2036,678.403629540761
07_INA,2036,8882.77087534739
08_JPN,2036,6505.34276376915
09_ROK,2036,3121.150744212921
10_MAS,2036,1988.510125676833
11_MEX,2036,4204.318921623797
12_NZ,2036,291.41954018771736
13_PNG,2036,93.35614022055326
14_PE,2036,806.4332519971445
15_RP,2036,2191.0425094643224
16_RUS,2036,6276.531455767652
17_SIN,2036,927.4465009294547
18_CT,2036,1570.9666864226353
19_THA,2036,2388.871342222061
20_USA,2036,28920.562213359342
21_VN,2036,1593.6062621259825
27_WOR,2036,
01_AUS,2037,2147.4480071757475
02_BD,2037,40.98266035110029
03_CDA,2037,2543.8730738594963
04_CHL,2037,909.3751704976479
05_PRC,2037,49221.38088578707
06_HKC,2037,692.7500375700756
07_INA,2037,9324.649630876145
08_JPN,2037,6578.15961283561
09_ROK,2037,3178.5708463725196
10_MAS,2037,2064.2803518418473
11_MEX,2037,4357.867161256555
12_NZ,2037,298.20120625715106
13_PNG,2037,98.32870053831574
14_PE,2037,829.8861191371471
15_RP,2037,2290.3167064649006
16_RUS,2037,6361.060975840318
17_SIN,2037,951.2804357777196
18_CT,2037,1582.8132166617331
19_THA,2037,2475.6361461796073
20_USA,2037,29484.04406397685
21_VN,2037,1666.8455399053817
27_WOR,2037,
01_AUS,2038,2203.751836770168
02_BD,2038,41.303882335567685
03_CDA,2038,2592.766017194476
04_CHL,2038,932.8651206473725
05_PRC,2038,50822.94190784105
06_HKC,2038,707.2851706889625
07_INA,2038,9778.929011123535
08_JPN,2038,6649.8492534150055
09_ROK,2038,3235.9265364040034
10_MAS,2038,2142.014093877681
11_MEX,2038,4517.210601611872
12_NZ,2038,305.098762192981
13_PNG,2038,103.54063948712151
14_PE,2038,853.6422203201444
15_RP,2038,2392.428469903021
16_RUS,2038,6431.949606709958
17_SIN,2038,975.3622654748837
18_CT,2038,1591.9590374426941
19_THA,2038,2564.7056056699334
20_USA,2038,30045.41086629394
21_VN,2038,1742.2900381330483
27_WOR,2038,
01_AUS,2039,2260.727484292131
02_BD,2039,41.63187598954263
03_CDA,2039,2642.312764011042
04_CHL,2039,956.5234499236605
05_PRC,2039,52430.130973810774
06_HKC,2039,721.9592577923961
07_INA,2039,10245.538372443503
08_JPN,2039,6720.513126604663
09_ROK,2039,3293.2251719990486
10_MAS,2039,2221.5500621848655
11_MEX,2039,4681.952918158217
12_NZ,2039,312.109627194405
13_PNG,2039,108.99576662528919
14_PE,2039,877.6828613209213
15_RP,2039,2497.461519571812
16_RUS,2039,6489.10404419439
17_SIN,2039,999.6463048893133
18_CT,2039,1599.8213573905239
19_THA,2039,2655.8364526387227
20_USA,2039,30604.50765634123
21_VN,2039,1819.866337900896
27_WOR,2039,
01_AUS,2040,2318.290527798344
02_BD,2040,41.964992161379044
03_CDA,2040,2692.521059008975
04_CHL,2040,980.3417882661911
05_PRC,2040,54027.94789375193
06_HKC,2040,736.7636747906892
07_INA,2040,10724.462970261377
08_JPN,2040,6790.328494689623
09_ROK,2040,3350.4399080777016
10_MAS,2040,2302.929228591302
11_MEX,2040,4851.673587037319
12_NZ,2040,319.2303001056828
13_PNG,2040,114.70817152517124
14_PE,2040,902.0323957020172
15_RP,2040,2605.2357201174873
16_RUS,2040,6533.191263119161
17_SIN,2040,1024.0972944890348
18_CT,2040,1606.341776588761
19_THA,2040,2749.159425214896
20_USA,2040,31161.256121198927
21_VN,2040,1899.449844689578
27_WOR,2040,
01_AUS,2041,2375.138639412673
02_BD,2041,42.23176755794726
03_CDA,2041,2743.424646321557
04_CHL,2041,1004.3080612009593
05_PRC,2041,55602.06671413164
06_HKC,2041,751.8509650726961
07_INA,2041,11215.778671267986
08_JPN,2041,6859.623799835832
09_ROK,2041,3407.5293745867466
10_MAS,2041,2385.2272124569513
11_MEX,2041,5025.961192099056
12_NZ,2041,326.4600742313709
13_PNG,2041,120.51216053685062
14_PE,2041,927.4095740115536
15_RP,2041,2714.8597515555166
16_RUS,2041,6565.698696892698
17_SIN,2041,1048.3082220100673
18_CT,2041,1611.3186401707324
19_THA,2041,2844.307969035507
20_USA,2041,31715.95502846704
21_VN,2041,1980.3595252576258
27_WOR,2041,
01_AUS,2042,2432.794113613395
02_BD,2042,42.51137821109352
03_CDA,2042,2795.0964548656866
04_CHL,2042,1028.4127325811178
05_PRC,2042,57140.38542442297
06_HKC,2042,767.0260048923875
07_INA,2042,11719.616574704718
08_JPN,2042,6928.927126427613
09_ROK,2042,3464.4606493345345
10_MAS,2042,2469.2253705578664
11_MEX,2042,5204.430222517353
12_NZ,2042,333.803580069686
13_PNG,2042,126.57092712403032
14_PE,2042,953.1465549337778
15_RP,2042,2827.222410207394
16_RUS,2042,6588.87585503506
17_SIN,2042,1072.5187650764992
18_CT,2042,1616.037674316594
19_THA,2042,2941.5183535122865
20_USA,2042,32269.294086255104
21_VN,2042,2063.2673274753624
27_WOR,2042,
01_AUS,2043,2491.2628837237457
02_BD,2043,42.8004720492353
03_CDA,2043,2847.594538478778
04_CHL,2043,1052.6388056217938
05_PRC,2043,58633.474425013665
06_HKC,2043,782.2920467922551
07_INA,2043,12236.108164859426
08_JPN,2043,6998.793708652581
09_ROK,2043,3521.198315558419
10_MAS,2043,2555.241484709094
11_MEX,2043,5386.696996439223
12_NZ,2043,341.2642668810569
13_PNG,2043,132.8836653956928
14_PE,2043,979.25140985299
15_RP,2043,2942.324096110601
16_RUS,2043,6605.650712945476
17_SIN,2043,1096.8495942128236
18_CT,2043,1619.0984816857826
19_THA,2043,3041.0431414522122
20_USA,2043,32821.92206495224
21_VN,2043,2148.0935762558033
27_WOR,2043,
01_AUS,2044,2550.59265623646
02_BD,2044,43.10018974660063
03_CDA,2044,2900.9518067127237
04_CHL,2044,1076.959404284869
05_PRC,2044,60075.23164471161
06_HKC,2044,797.7606121350341
07_INA,2044,12765.364530909188
08_JPN,2044,7069.777294309315
09_ROK,2044,3577.6913273851574
10_MAS,2044,2642.9979764008463
11_MEX,2044,5572.396061348209
12_NZ,2044,348.84140895695776
13_PNG,2044,139.4636618623853
14_PE,2044,1005.7000776839154
15_RP,2044,3060.223209266792
16_RUS,2044,6619.515313111786
17_SIN,2044,1121.3326337899932
18_CT,2044,1621.4727217801087
19_THA,2044,3142.837946954921
20_USA,2044,33374.28604604147
21_VN,2044,2234.518509571016
27_WOR,2044,
01_AUS,2045,2610.851824554533
02_BD,2045,43.40773232930098
03_CDA,2045,2955.183143006245
04_CHL,2045,1101.3378679944672
05_PRC,2045,61463.04976693283
06_HKC,2045,813.3671332813793
07_INA,2045,13307.482935545057
08_JPN,2045,7142.438951756623
09_ROK,2045,3633.89387354566
10_MAS,2045,2732.576904394803
11_MEX,2045,5761.177263182197
12_NZ,2045,356.5316482220223
13_PNG,2045,146.32440031939393
14_PE,2045,1032.4978915149397
15_RP,2045,3180.695029363648
16_RUS,2045,6634.323156580525
17_SIN,2045,1146.133994413785
18_CT,2045,1622.9190316025633
19_THA,2045,3246.8628479171653
20_USA,2045,33926.65720269319
21_VN,2045,2322.642558509387
27_WOR,2045,
01_AUS,2046,2670.7751532892125
02_BD,2046,43.64478505129747
03_CDA,2046,3010.3049867783793
04_CHL,2046,1125.7347168541905
05_PRC,2046,62797.98309119615
06_HKC,2046,830.6353724528489
07_INA,2046,13862.577929297724
08_JPN,2046,7217.398990202257
09_ROK,2046,3689.7859499456304
10_MAS,2046,2821.9318066304927
11_MEX,2046,5952.481071230056
12_NZ,2046,364.331912070991
13_PNG,2046,153.2718447057804
14_PE,2046,1059.9316894103433
15_RP,2046,3302.1768871273716
16_RUS,2046,6654.065262990277
17_SIN,2046,1171.3552608301513
18_CT,2046,1624.5771597530422
19_THA,2046,3353.241131208185
20_USA,2046,34479.35320278299
21_VN,2046,2411.7041137806655
27_WOR,2046,
01_AUS,2047,2731.8871321550196
02_BD,2047,43.89495616688032
03_CDA,2047,3066.3530160087166
04_CHL,2047,1150.1147669953207
05_PRC,2047,64084.4423600169
06_HKC,2047,848.2545747019449
07_INA,2047,14430.73764459589
08_JPN,2047,7295.399995931022
09_ROK,2047,3745.3926577162865
10_MAS,2047,2912.589840277294
11_MEX,2047,6145.357454917634
12_NZ,2047,372.2422958939278
13_PNG,2047,160.485365711444
14_PE,2047,1087.8079457670483
15_RP,2047,3426.2159045488297
16_RUS,2047,6682.588232267973
17_SIN,2047,1197.216295027392
18_CT,2047,1625.3748306271223
19_THA,2047,3462.0329204430336
20_USA,2047,35032.78692262339
21_VN,2047,2502.285596606651
27_WOR,2047,
01_AUS,2048,2794.170024451668
02_BD,2048,44.15660230856596
03_CDA,2048,3123.340480408705
04_CHL,2048,1174.440896898439
05_PRC,2048,65329.42522579547
06_HKC,2048,866.0841887991193
07_INA,2048,15011.947341100104
08_JPN,2048,7377.138738683214
09_ROK,2048,3800.7565531050095
10_MAS,2048,3004.664170659271
11_MEX,2048,6339.669440018827
12_NZ,2048,380.26205007068955
13_PNG,2048,167.97774616971327
14_PE,2048,1115.9729076099143
15_RP,2048,3552.7193744847627
16_RUS,2048,6723.388365676048
17_SIN,2048,1223.4519540916153
18_CT,2048,1625.9675579777745
19_THA,2048,3573.4905281918927
20_USA,2048,35587.15572701169
21_VN,2048,2594.4473029346286
27_WOR,2048,
01_AUS,2049,2857.5792937225847
02_BD,2049,44.43225067038901
03_CDA,2049,3181.260927984513
04_CHL,2049,1198.676568583209
05_PRC,2049,66541.96792682816
06_HKC,2049,883.9891082771237
07_INA,2049,15606.037446756354
08_JPN,2049,7463.193177784866
09_ROK,2049,3855.90418280612
10_MAS,2049,3097.9140703943754
11_MEX,2049,6535.297419707422
12_NZ,2049,388.3890020071857
13_PNG,2049,175.75631107827652
14_PE,2049,1144.5331666245932
15_RP,2049,3681.6385907520416
16_RUS,2049,6779.441532649629
17_SIN,2049,1249.9561950497296
18_CT,2049,1626.4514377009475
19_THA,2049,3687.566327058698
20_USA,2049,36142.43031047694
21_VN,2049,2688.477581609882
27_WOR,2049,
