Economy,Year,GDP,Population,GDPpercap,lnGDPpercap
01_AUS,2017,1157.2839262402715,24.451,47.330740102256414,3.8571599808602643
02_BD,2017,32.43736557551188,0.429,75.61157476809296,4.325609376864107
03_CDA,2017,1702.5611200816886,36.624,46.48757973136983,3.8391851743638843
04_CHL,2017,433.1239066425917,18.055,23.989139110639254,3.177601190865452
05_PRC,2017,22363.53103425593,1409.517,15.866095289560842,2.7641844607587154
06_HKC,2017,436.58901554723224,7.365,59.27888873689508,4.082253234808329
07_INA,2017,3112.331291858526,263.991,11.789535597268568,2.46721232422884
08_JPN,2017,5210.443686636038,127.484,40.87135394744469,3.71042942517634
09_ROK,2017,1948.9256663767817,50.982,38.227720889270365,3.64356093016535
10_MAS,2017,893.3100835628853,31.624,28.24785237676718,3.341017432641288
11_MEX,2017,2359.4698788386995,129.16299999999998,18.26738213605057,2.9051170725507784
12_NZ,2017,182.28064632235973,4.706,38.73366900177639,3.6567092218509556
13_PNG,2017,33.23962869858415,8.251,4.028557592847431,1.3934083944832831
14_PE,2017,414.7337437784622,32.165,12.893945088713267,2.5567578282096894
15_RP,2017,840.1025536794957,104.918,8.007229967017057,2.080344879424543
16_RUS,2017,3831.9190602778194,143.989,26.612581935271578,3.281384109041409
17_SIN,2017,505.8220797008317,5.709,88.60081970587349,4.484141109327532
18_CT,2017,1144.7780219658462,23.626,48.454161600179724,3.8806182293885847
19_THA,2017,1184.110262666981,69.038,17.151572505967454,2.8420898607186134
20_USA,2017,18610.635383097208,324.459,57.35897411721422,4.0493293111456214
21_VN,2017,621.3286484488359,95.54,6.50333523601461,1.872315158537028
27_WOR,2017,122744.62335969409,7555.0705911783825,16.246654730534996,2.787887024846797
01_AUS,2018,1201.142573044593,24.772,48.48791268547526,3.881314543902338
02_BD,2018,33.069907447754844,0.434,76.19794342800655,4.333334473194615
03_CDA,2018,1736.225570615856,36.954,46.98342725052378,3.849794927836955
04_CHL,2018,457.4892746900239,18.197,25.14091744188734,3.2244966958091776
05_PRC,2018,23659.612528474434,1415.046,16.720030676369838,2.8166074423659873
06_HKC,2018,449.15979307632864,7.4289999999999985,60.46033020276332,4.101987450844227
07_INA,2018,3295.6092802902385,266.795,12.352590117094541,2.513865767165076
08_JPN,2018,5250.003682047788,127.185,41.278481598048415,3.720341337503783
09_ROK,2018,2013.3426615851529,51.164,39.35076736739021,3.6725154757505294
10_MAS,2018,936.2440521866721,32.043,29.21836445359898,3.3747974312309594
11_MEX,2018,2423.064928041367,130.76,18.530628082298616,2.9194249351517905
12_NZ,2018,186.68281121246758,4.749,39.309920238464436,3.671476910392393
13_PNG,2018,34.876684370918056,8.418,4.143108145749354,1.4214462660008647
14_PE,2018,432.9314934077994,32.552,13.29968952469278,2.5877406909471707
15_RP,2018,883.4396102815883,106.512,8.294273042301228,2.115565281743045
16_RUS,2018,3970.161308865174,143.965,27.577267452958523,3.3169917903340873
17_SIN,2018,527.0875184836726,5.792000000000002,91.00267929621417,4.510888948898959
18_CT,2018,1174.2262779100427,23.694000000000006,49.557958888749994,3.9031428712629115
19_THA,2018,1226.9865831792758,69.184,17.735120594057527,2.8755468879801676
20_USA,2018,19124.82455689129,326.767,58.52740502220631,4.06949510646184
21_VN,2018,659.4645195271681,96.491,6.834466629293593,1.9219784319142685
01_AUS,2019,1245.0390436902644,25.089,49.62489711388515,3.9044926657333696
02_BD,2019,33.676517404552804,0.439,76.71188474841185,4.340056647457039
03_CDA,2019,1771.1687625631268,37.28,47.50989169965469,3.8609379356688627
04_CHL,2019,482.2439330945998,18.336,26.300389021302347,3.2695837307588227
05_PRC,2019,24947.921525755708,1420.062,17.56819175906102,2.8660899805146474
06_HKC,2019,461.8591705980494,7.491,61.65520899720323,4.1215577191018955
07_INA,2019,3488.936656138237,269.53700000000003,12.944184494663949,2.560646613510599
08_JPN,2019,5296.109833115374,126.855,41.7493187743122,3.7316831343808032
09_ROK,2019,2078.1302763412327,51.339,40.478588915663195,3.700773165568841
10_MAS,2019,980.6861030181836,32.455,30.216795656083306,3.4083979173405163
11_MEX,2019,2488.662577130829,132.328,18.806772392319306,2.9342170386013517
12_NZ,2019,191.405456062625,4.792,39.94270785947934,3.687446123873736
13_PNG,2019,36.66514097076126,8.587,4.269842898656255,1.4515770346799142
14_PE,2019,451.5893016269245,32.933,13.712364547017415,2.6182979474863735
15_RP,2019,929.8297070151041,108.106,8.60109251119368,2.151889231376361
16_RUS,2019,4100.894051443608,143.895,28.499211587919024,3.3498764233101723
17_SIN,2019,548.9968551711473,5.8679999999999986,93.5577462800183,4.538578852926682
18_CT,2019,1204.3325864561432,23.758000000000006,50.69166539507294,3.925761506453792
19_THA,2019,1271.7640104624306,69.306,18.34998427931825,2.9096287177873106
20_USA,2019,19629.75351822959,329.093,59.648043313682116,4.088461345217673
21_VN,2019,696.5400744835141,97.429,7.149206853026451,1.9670014209061177
01_AUS,2020,1289.2245256983067,25.398000000000003,50.76086800922539,3.9271257429605266
02_BD,2020,34.259481487500594,0.445,76.98759884831594,4.343644354965134
03_CDA,2020,1807.362860006072,37.604,48.06304808015296,3.8725136506890716
04_CHL,2020,507.19116380146886,18.472,27.457295571755566,3.312631909391993
05_PRC,2020,26230.105407330557,1424.5479999999998,18.41293196672247,2.9130532420280137
06_HKC,2020,474.5711982923629,7.547999999999999,62.87376765929557,4.141129028375666
07_INA,2020,3693.734814028445,272.223,13.568782997867354,2.6077717865432937
08_JPN,2020,5347.531502458026,126.495,42.27464723868948,3.744187550307238
09_ROK,2020,2143.1839040071227,51.507,41.60956576789801,3.7283300871773113
10_MAS,2020,1026.5351416420883,32.869,31.231103521314562,3.441414505967366
11_MEX,2020,2556.5909432179237,133.87,19.097564377514928,2.949560807419445
12_NZ,2020,196.3882619532084,4.834,40.626450548863964,3.704419345830654
13_PNG,2020,38.639170722282344,8.756,4.4128792510601125,1.4845273678147408
14_PE,2020,470.55653267015794,33.312,14.125736451433657,2.6479984138279535
15_RP,2020,979.4895725488136,109.703,8.928557765501523,2.189254877422042
16_RUS,2020,4227.12334638796,143.787,29.398508532676527,3.3809439428767463
17_SIN,2020,570.7673544531077,5.935,96.16973116311841,4.566114663286547
18_CT,2020,1235.324727049284,23.817,51.867352187483064,3.9486895399711592
19_THA,2020,1318.6161117357276,69.411,18.997221070662107,2.944292709030649
20_USA,2020,20133.209031772192,331.432,60.74612298079905,4.1067032609380165
21_VN,2020,732.1078181811342,98.36,7.4431457724800145,2.007293578364008
01_AUS,2021,1333.6396858617347,25.7,51.89259478061225,3.9491760975372485
02_BD,2021,34.76133239789712,0.45,77.24740532866026,4.347013327235258
03_CDA,2021,1844.7124604634075,37.924,48.64234944793291,3.8844945392860426
04_CHL,2021,532.1832779323136,18.605,28.604314857958265,3.3535575756055795
05_PRC,2021,27506.861830182643,1428.48,19.256035667410565,2.9578245527542197
06_HKC,2021,487.07545612323617,7.598,64.10574573877813,4.160533997019882
07_INA,2021,3911.045296754372,274.85400000000004,14.229537488100487,2.6553199089804616
08_JPN,2021,5403.147928927426,126.109,42.84506204099173,3.7575904001534504
09_ROK,2021,2208.267338174221,51.667,42.74038241380806,3.755144197296178
10_MAS,2021,1073.995475233272,33.289,32.26277374608044,3.4739140499705465
11_MEX,2021,2627.0085397348794,135.384,19.404128550898776,2.9654858553300407
12_NZ,2021,201.56816099246063,4.875,41.34731507537654,3.7220074876898805
13_PNG,2021,40.72545439373061,8.926,4.562564910792136,1.5178849458303407
14_PE,2021,489.6655027183155,33.686,14.536172377792422,2.6766401897049286
15_RP,2021,1032.1955577892008,111.303,9.273744263759296,2.2271872099754355
16_RUS,2021,4351.665390529781,143.636,30.296481317565103,3.4110315776387647
17_SIN,2021,592.6331772318366,5.9910000000000005,98.92057707091246,4.594317276349427
18_CT,2021,1265.0257972871973,23.873,52.98981264554925,3.9700996808416784
19_THA,2021,1368.016320323389,69.498,19.684254515574388,2.979819052994026
20_USA,2021,20639.388991739565,333.784,61.8345666411199,4.124462538858957
21_VN,2021,769.5290196991333,99.284,7.750785823487503,2.0477942348040026
01_AUS,2022,1378.646228254014,25.996,53.033013858055625,3.970914622610767
02_BD,2022,35.25930322003204,0.455,77.49297410996051,4.3501872756040685
03_CDA,2022,1883.170718361836,38.242,49.243520693526385,3.896777799441078
04_CHL,2022,557.0930073556467,18.734,29.737002634549302,3.392392150295406
05_PRC,2022,28778.357426765917,1431.85,20.09872362800986,3.0006563119547134
06_HKC,2022,499.2793210388542,7.643,65.32504527526551,4.1793755044835965
07_INA,2022,4141.6022766206615,277.425,14.928727679987965,2.7032873888968427
08_JPN,2022,5462.306520791281,125.697,43.45614072564406,3.771752170278835
09_ROK,2022,2273.136741324269,51.817,43.8685516591904,3.7811977002540704
10_MAS,2022,1122.9520954241789,33.711,33.31114756086082,3.5058921025536516
11_MEX,2022,2700.146947302018,136.869,19.727965772395635,2.982037211444593
12_NZ,2022,206.89745584012687,4.916,42.0865451261446,3.739728096404328
13_PNG,2022,43.00185541921618,9.097,4.727036981336284,1.5532985752068311
14_PE,2022,508.982910654093,34.055,14.945908402704244,2.704437576940158
15_RP,2022,1088.467794252181,112.902,9.640819420844458,2.2660061071722635
16_RUS,2022,4476.521507906239,143.442,31.2078854722204,3.4406708023764345
17_SIN,2022,614.3910894743761,6.04,101.72037905204903,4.62222766697294
18_CT,2022,1295.170880778473,23.923,54.13914980472654,3.9915575804190864
19_THA,2022,1419.641223927683,69.568,20.406526332907127,3.0158547679669905
20_USA,2022,21150.427784056854,336.15,62.919612625485215,4.141857921551373
21_VN,2022,809.0924678369208,100.195,8.075178081111043,2.0887949222539124
01_AUS,2023,1424.4426293414526,26.287,54.18810169823307,3.9924613584834128
02_BD,2023,35.744984178210906,0.459,77.8757825233353,4.355115025510876
03_CDA,2023,1922.7520778810635,38.556,49.86907557529473,3.9094010826967267
04_CHL,2023,581.8188688279599,18.859,30.850992567366237,3.4291689238165235
05_PRC,2023,30044.823379119327,1434.6760000000004,20.94188749175376,3.0417513394773197
06_HKC,2023,511.25316162457466,7.685,66.52611081647035,4.197594514454078
07_INA,2023,4385.948175096245,279.934,15.667793748155797,2.751607251825939
08_JPN,2023,5524.722221845074,125.259,44.10638933605629,3.7866046548620567
09_ROK,2023,2337.591252904002,51.959,44.98915015500687,3.8064213530326794
10_MAS,2023,1173.554862214173,34.131,34.38384056178175,3.537586702900739
11_MEX,2023,2776.1111401265166,138.322,20.06991758452391,2.9992220563984158
12_NZ,2023,212.34357097752132,4.956,42.84575685583562,3.7576066169396323
13_PNG,2023,45.47034498491061,9.268,4.906165837819444,1.5904927483264308
14_PE,2023,528.5603403054911,34.419000000000004,15.356644304177664,2.731548234071427
15_RP,2023,1148.0524393756039,114.497,10.026921573277937,2.3052736329571895
16_RUS,2023,4602.990137711763,143.204,32.14288803184103,3.470191214139255
17_SIN,2023,636.1660492944418,6.081,104.61536742220716,4.650290456921998
18_CT,2023,1322.5251804731806,23.968000000000004,55.17878756980893,4.010578596271721
19_THA,2023,1473.6352115175425,69.62,21.166837281205723,3.0524356777274546
20_USA,2023,21667.51115869029,338.524,64.00583461937792,4.158974245132091
21_VN,2023,850.6393135107872,101.084,8.415172663436223,2.1300363459630125
01_AUS,2024,1471.2058197687124,26.573,55.364686703372314,4.0139419663852545
02_BD,2024,36.21604655650144,0.464,78.05182447521861,4.357373022411726
03_CDA,2024,1963.133816925033,38.868,50.50771372144265,3.9221260715759456
04_CHL,2024,606.2988797361693,18.98,31.94409271528816,3.463987272188719
05_PRC,2024,31306.912044402583,1436.995,21.786375070478734,3.081284777636116
06_HKC,2024,523.2378309601917,7.726,67.72428565366188,4.215444840165983
07_INA,2024,4644.49099151526,282.376,16.447895683469063,2.8001975470511025
08_JPN,2024,5590.267170142799,124.796,44.79524319804159,3.8021019551684483
09_ROK,2024,2401.515619367339,52.093,46.100543630954995,3.8308247423615973
10_MAS,2024,1225.847958895854,34.545,35.48553940934589,3.569125272913853
11_MEX,2024,2854.9171998681927,139.745,20.42947654562376,3.016978786652228
12_NZ,2024,217.88736813798585,4.994,43.629829422904656,3.7757410774992866
13_PNG,2024,48.128000499561395,9.442,5.097225217068566,1.6286963165831292
14_PE,2024,548.3541673430137,34.778,15.767271474582028,2.7579363660041203
15_RP,2024,1210.9496855746609,116.086,10.431487738182561,2.3448288991264827
16_RUS,2024,4731.838474106231,142.925,33.10714342561645,3.4997490725613747
17_SIN,2024,658.1108712500517,6.119,107.55202994771233,4.677974729991336
18_CT,2024,1349.5520267302106,24.009,56.21025560124164,4.029099224259323
19_THA,2024,1529.9001942513605,69.66,21.962391533898373,3.0893315148054423
20_USA,2024,22191.525581899,340.895,65.09783241731031,4.175891252459122
21_VN,2024,894.2082911746771,101.943,8.771649756968866,2.171524902372392
01_AUS,2025,1519.0063086358066,26.857,56.559046380303336,4.035285161126225
02_BD,2025,36.670805374897306,0.469,78.18935047952517,4.359133455151225
03_CDA,2025,2004.1095679815653,39.173,51.16048216837019,3.9349674013802676
04_CHL,2025,630.5043573717959,19.099,33.0124277381955,3.4968840886983408
05_PRC,2025,32566.129111418453,1438.836,22.63366298272941,3.119438310564971
06_HKC,2025,535.4166282148311,7.768,68.92593051169298,4.233032457169736
07_INA,2025,4917.539392942039,284.751,17.269612373414102,2.8489484468235484
08_JPN,2025,5658.856244283154,124.31,45.52213212358744,3.8181986279915257
09_ROK,2025,2464.8339319596107,52.219,47.20186008846609,3.8544333004689517
10_MAS,2025,1279.9383065994361,34.95,36.62198302144309,3.6006486891030938
11_MEX,2025,2937.1124946134028,141.132,20.81110233408017,3.0354866103663856
12_NZ,2025,223.51897062281841,5.033,44.41068361271973,3.7934800624014726
13_PNG,2025,50.979655124634384,9.614,5.302647714232825,1.6682062645383395
14_PE,2025,568.3644019414703,35.13,16.178889893010826,2.783707299450306
15_RP,2025,1277.063575229691,117.665,10.853385248202022,2.384477035765787
16_RUS,2025,4863.433859467284,142.607,34.10375268722632,3.5294074277132492
17_SIN,2025,680.3014096841513,6.157,110.49235174340609,4.704946303570539
18_CT,2025,1376.402956983499,24.045,57.24279297082549,4.047301747537438
19_THA,2025,1588.6120838832474,69.685,22.797045043886737,3.1266309242228556
20_USA,2025,22723.298420131483,343.256,66.19927523519323,4.192669514774168
21_VN,2025,939.74667489181,102.764,9.144707046162178,2.2131752470117507
01_AUS,2026,1566.8596529259635,27.139,57.73461265801848,4.055856866418267
02_BD,2026,37.067938784377645,0.473,78.36773527352568,4.361412302772087
03_CDA,2026,2045.7105891066687,39.473,51.82556656718944,3.947883590576402
04_CHL,2026,654.4351009035747,19.214,34.06032585112807,3.528133242162592
05_PRC,2026,33825.34552011897,1440.205,23.486479716511866,3.1564249243713434
06_HKC,2026,547.3574283813989,7.814,70.04830155891975,4.249185026363731
07_INA,2026,5205.336959494049,287.056,18.133524327984954,2.8977623979316056
08_JPN,2026,5730.421374947725,123.801,46.28735935047152,3.834868907627964
09_ROK,2026,2527.488780571608,52.338,48.29165769749719,3.877258827262654
10_MAS,2026,1334.8070582751495,35.344,37.76615714902528,3.6314133880751602
11_MEX,2026,3023.294578479674,142.484,21.21848473147633,3.054872723071461
12_NZ,2026,229.23592169832,5.07,45.214185739313606,3.8114108813896492
13_PNG,2026,53.924221119558155,9.788,5.509217523453019,1.7064226028178011
14_PE,2026,588.5920376923904,35.478,16.590338736467398,2.8088205221052625
15_RP,2026,1345.5974061778422,119.232,11.285539168829192,2.423522186605302
16_RUS,2026,4997.82436800401,142.254,35.13310253493054,3.559143778203074
17_SIN,2026,702.7181254198648,6.1960000000000015,113.41480397350946,4.731051929276809
18_CT,2026,1400.846239293074,24.077,58.181926290363165,4.063574761669238
19_THA,2026,1649.893673120977,69.699,23.671697917057305,3.164280153824244
20_USA,2026,23263.858108470617,345.602,67.31401470035074,4.209368457175604
21_VN,2026,987.9114039811999,103.543,9.541073795246417,2.2556060362798265
01_AUS,2027,1615.95859922924,27.418000000000006,58.93787290208037,4.0764838874503155
02_BD,2027,37.46276766897426,0.478,78.3739909392767,4.361492124092235
03_CDA,2027,2087.986904982718,39.769,52.502876737728336,3.960867963100736
04_CHL,2027,678.1107657289838,19.327,35.08618853050053,3.557807563875117
05_PRC,2027,35088.93372249411,1441.106,24.348613996815025,3.192474927859927
06_HKC,2027,559.4722532431812,7.859,71.18873307585967,4.265334562579558
07_INA,2027,5508.052854214441,289.2920000000001,19.039769002303693,2.9465298970576743
08_JPN,2027,5804.855810351422,123.272,47.08981610058588,3.8520567589725325
09_ROK,2027,2589.456878576657,52.447,49.37283121201702,3.8994002974366544
10_MAS,2027,1391.4455546852594,35.728,38.94552045133395,3.6621637580349335
11_MEX,2027,3114.0811218406984,143.80100000000004,21.655490030254988,3.075259003376386
12_NZ,2027,235.0410129478407,5.107,46.0233038863992,3.829147874433554
13_PNG,2027,57.05106267971177,9.962,5.726868367768698,1.7451688486476071
14_PE,2027,609.0640726335126,35.821,17.00298910230068,2.833389158147112
15_RP,2027,1417.1394933751324,120.789,11.73235554044766,2.4623504558424814
16_RUS,2027,5134.736240781309,141.866,36.19426952745061,3.5889008059542347
17_SIN,2027,725.1938516426003,6.234,116.32881803699074,4.756420819345447
18_CT,2027,1425.0274391592945,24.103,59.12240962366902,4.079610033990495
19_THA,2027,1713.5495418823702,69.70100000000001,24.58428920506693,3.2021075887138752
20_USA,2027,23814.33590397527,347.93,68.44576755087307,4.226041717110875
21_VN,2027,1038.2446348571318,104.284,9.955934130423955,2.298168768415154
01_AUS,2028,1666.2222778138296,27.693,60.16763361910336,4.09713456020732
02_BD,2028,37.85801065837322,0.482,78.5435905775378,4.363653764651085
03_CDA,2028,2130.945077325357,40.059,53.19516406613638,3.973967491203377
04_CHL,2028,701.5592257408988,19.435,36.09772193161301,3.586229758960218
05_PRC,2028,36362.31270301204,1441.556,25.22434973251961,3.2278097872163998
06_HKC,2028,571.8199627339143,7.905,72.33649117443571,4.281328720708854
07_INA,2028,5825.728932115292,291.46,19.98809075727473,2.9951366340597394
08_JPN,2028,5881.86236215477,122.724,47.927563982226545,3.8696907873906046
09_ROK,2028,2650.728489603221,52.54600000000001,50.44586628103416,3.920900806495807
10_MAS,2028,1449.8007784591541,36.102,40.1584615383955,3.692833166342807
11_MEX,2028,3210.039340387693,145.083,22.125537384722488,3.0967324791740585
12_NZ,2028,240.9359906351235,5.144,46.83825634430861,3.8467003122532852
13_PNG,2028,60.36594593777743,10.137,5.955010943847038,1.7842330405632638
14_PE,2028,629.8293208283186,36.156,17.419773227910127,2.857605953424016
15_RP,2028,1491.768515868079,122.332,12.194425954517863,2.5009789583596955
16_RUS,2028,5273.529221370249,141.44799999999995,37.2824587224298,3.6185229404974733
17_SIN,2028,747.7500539141088,6.273,119.20134766684343,4.7808140604972325
18_CT,2028,1446.775432147069,24.125,59.96996609936038,4.093843871886952
19_THA,2028,1779.5829440432394,69.69,25.535700158462326,3.240077479283609
20_USA,2028,24375.097729169112,350.23,69.59740093415502,4.242727223743039
21_VN,2028,1090.711843883287,104.986,10.389117062115776,2.3407588219155446
01_AUS,2029,1717.4199636728592,27.966,61.41099777132444,4.117588935910414
02_BD,2029,38.25590742668084,0.486,78.71585890263547,4.365844645956773
03_CDA,2029,2174.536543888175,40.342,53.90254682187732,3.9871777276683735
04_CHL,2029,724.8162389318138,19.538,37.09777044384347,3.6135568719542857
05_PRC,2029,37651.695151987406,1441.5739999999996,26.118461592667053,3.2626424049963223
06_HKC,2029,584.3939781829997,7.947999999999999,73.52717390324608,4.297655050861126
07_INA,2029,6158.276586729759,293.56,20.977914520812643,3.0434701948248772
08_JPN,2029,5960.930694021197,122.161,48.79569333929157,3.887642057720706
09_ROK,2029,2711.3248498065805,52.631,51.51573881945204,3.9418873691257335
10_MAS,2029,1510.0848572043783,36.464,41.41303360038334,3.7235956525507508
11_MEX,2029,3311.660729364829,146.329,22.63160910936881,3.1193475622598315
12_NZ,2029,246.9194669139268,5.178,47.686262439924064,3.8646433572515546
13_PNG,2029,63.8714113866259,10.312,6.193891717089401,1.823563599494649
14_PE,2029,650.8912409236905,36.485,17.839968231429093,2.8814413464007873
15_RP,2029,1569.44855703267,123.86,12.67114933822598,2.539327703575271
16_RUS,2029,5413.199016186695,141.006,38.389848773716686,3.64779306979465
17_SIN,2029,770.4325821941553,6.308,122.13579299209819,4.805133483056517
18_CT,2029,1467.0793141017193,24.141,60.77127352229483,4.107117202358401
19_THA,2029,1847.8320118350039,69.665,26.524539034450637,3.2780703058174883
20_USA,2029,24942.329790259068,352.494,70.75958680221243,4.259288029848481
21_VN,2029,1145.4173195268336,105.652,10.841416343531913,2.383373646473766
01_AUS,2030,1769.3937962228101,28.234,62.668902607594035,4.137865353433742
02_BD,2030,38.65420045597129,0.49,78.88612337953325,4.368005336332279
03_CDA,2030,2218.710070273853,40.618,54.62381383312455,4.000469938454578
04_CHL,2030,747.9239886439917,19.638,38.085547848252965,3.6398348886038674
05_PRC,2030,38964.09592865272,1441.182,27.03620772994162,3.2971769946655223
06_HKC,2030,597.2737749834573,7.987,74.78074057636876,4.31456037290149
07_INA,2030,6505.53818421805,295.595,22.008282224726567,3.091418847273536
08_JPN,2030,6041.482769417828,121.58,49.691419389848896,3.905832270105614
09_ROK,2030,2771.278697744955,52.702,52.58393794817948,3.9624107109092224
10_MAS,2030,1572.3915282747225,36.815,42.71062143894398,3.754447634945227
11_MEX,2030,3419.3618896456305,147.54,23.175829535350623,3.1431099052169507
12_NZ,2030,252.9902716995934,5.212999999999999,48.530648705082186,3.8821955304219995
13_PNG,2030,67.57787018617755,10.487,6.443965880249599,1.8631441704915235
14_PE,2030,672.2904556070259,36.807,18.265288005189934,2.9050024282691074
15_RP,2030,1650.1044188270193,125.372,13.16166623190999,2.577308531249396
16_RUS,2030,5552.4441563623295,140.54399999999998,39.50680325280574,3.6764728913247073
17_SIN,2030,793.2509408344594,6.3420000000000005,125.07898783261736,4.82894544039682
18_CT,2030,1485.2060010240314,24.151,61.49666684708838,4.11898297573541
19_THA,2030,1918.306718802732,69.626,27.55158588462258,3.3160600978123353
20_USA,2030,25510.844730653218,354.712,71.91988072197506,4.275552731679997
21_VN,2030,1202.372647507211,106.284,11.312828342057234,2.4259373333170773
01_AUS,2031,1821.332122453267,28.5,63.90639026151814,4.157419360476029
02_BD,2031,38.97988829851687,0.494,78.90665647473051,4.368265590259386
03_CDA,2031,2263.425517157098,40.886,55.359426629093036,4.013846954122344
04_CHL,2031,770.9288785986031,19.731,39.071961816360194,3.665405120664308
05_PRC,2031,40306.88905049149,1440.391,27.98329693152171,3.3316077940155844
06_HKC,2031,609.9856774690599,8.023,76.02962451315716,4.3311230605612705
07_INA,2031,6867.313615864774,297.565,23.07836478034975,3.138895589058413
08_JPN,2031,6122.239375132571,120.988,50.602038013129985,3.9239918524216533
09_ROK,2031,2830.634440724022,52.757,53.6541964236788,3.9825596845393045
10_MAS,2031,1636.594090455519,37.153,44.05011951808788,3.785328065615463
11_MEX,2031,3533.473991320429,148.716,23.759877829691685,3.167998352633232
12_NZ,2031,259.149179264235,5.246,49.399386058756185,3.899937996156248
13_PNG,2031,71.37800232068619,10.662,6.694616612332226,1.901303712728573
14_PE,2031,693.8433652532266,37.12,18.69190100358908,2.928090328632687
15_RP,2031,1733.1226066366128,126.868,13.66083335937047,2.6145328595563346
16_RUS,2031,5689.705502945769,140.063,40.62247347940405,3.704321447439736
17_SIN,2031,815.1075277713053,6.374,127.88006397416149,4.851092824458653
18_CT,2031,1502.2676300011685,24.155,62.192822604064105,4.130239600869321
19_THA,2031,1991.21079715696,69.572,28.620864674825505,3.354135985929978
20_USA,2031,26080.027713361,356.88,73.07786290450852,4.291525487848888
21_VN,2031,1261.842958866568,106.881,11.806054947713514,2.4686125310270057
01_AUS,2032,1874.0541690986304,28.76,65.16182785461163,4.17687383513002
02_BD,2032,39.31756879145919,0.4970000000000001,79.10979636108486,4.370836714906428
03_CDA,2032,2308.6949063890092,41.147,56.10846249760637,4.027286647812088
04_CHL,2032,793.8797905920351,19.82,40.05447984823588,3.6902405236443245
05_PRC,2032,41686.98852904819,1439.216,28.96506745967818,3.3660905335525446
06_HKC,2032,623.1094852343427,8.052999999999999,77.37606919587022,4.348677549272715
07_INA,2032,7243.345959975826,299.468,24.187378818357306,3.1858309606836954
08_JPN,2032,6201.587219503597,120.382,51.51590121034371,3.941890521378607
09_ROK,2032,2889.4629833988265,52.798,54.72675069886788,4.002352633739951
10_MAS,2032,1702.9872363249606,37.478,45.43965089719197,3.8163850916631366
11_MEX,2032,3654.2262618615637,149.856,24.384917933626706,3.193964823711477
12_NZ,2032,265.3999628766169,5.279,50.274666201291325,3.9175012961795153
13_PNG,2032,75.37245665586373,10.837,6.955103502432752,1.9394757069947608
14_PE,2032,715.7247401543723,37.426,19.123730565766373,2.950930001863436
15_RP,2032,1819.0356261299412,128.346,14.172904696133429,2.6513320218365712
16_RUS,2032,5823.179932146355,139.569,41.7225883408662,3.7310426689767278
17_SIN,2032,837.0792737697432,6.403,130.73235573477172,4.87315214725974
18_CT,2032,1520.4448917526424,24.153,62.950560665451185,4.142349666970967
19_THA,2032,2066.292733232481,69.50399999999999,29.729119665522582,3.392127025590179
20_USA,2032,26649.525332536603,358.997,74.2332814272448,4.307212586366115
21_VN,2032,1323.645211902747,107.445,12.319281603636718,2.511165645012075
01_AUS,2033,1927.5693719861385,29.018,66.42667902633326,4.19609876835063
02_BD,2033,39.6635488858325,0.5,79.327097771665,4.373579782397433
03_CDA,2033,2354.5388251822988,41.401,56.87154477385325,4.04079512419673
04_CHL,2033,816.8236113282733,19.903,41.04022566086888,3.71455269940658
05_PRC,2033,43109.57600673476,1437.667,29.985786699378064,3.4007234927071215
06_HKC,2033,636.5822704289858,8.08,78.7849344590329,4.366721791517146
07_INA,2033,7633.3085462761255,301.302,25.334410479439647,3.2321635696395665
08_JPN,2033,6279.518300288991,119.766,52.431560712464226,3.9595087136879203
09_ROK,2033,2947.844914392718,52.82100000000001,55.80819966287494,4.02192080595491
10_MAS,2033,1771.4084284745734,37.791,46.873817270635165,3.8474592524124707
11_MEX,2033,3781.732343270704,150.959,25.051387087028292,3.2209291987335207
12_NZ,2033,271.74748972935373,5.31,51.17655173810805,3.935281453278325
13_PNG,2033,79.56804742208845,11.012,7.225576409561247,1.97762701068632
14_PE,2033,737.9366256814357,37.725,19.560944352059263,2.9735349431988722
15_RP,2033,1907.918138708389,129.80700000000002,14.698114421474873,2.6877192149093396
16_RUS,2033,5950.780589587849,139.06799999999998,42.79043769657901,3.756314659321935
17_SIN,2033,859.2225485209669,6.431,133.60636736447938,4.8948979198806155
18_CT,2033,1535.6371372626056,24.144,63.60326115236107,4.152664745012029
19_THA,2033,2143.52617436848,69.419,30.878090643317826,3.4300468917461546
20_USA,2033,27218.948086293443,361.061,75.38600980525021,4.3226217114485905
21_VN,2033,1387.7635677024825,107.981,12.851923650480016,2.5534935005636985
01_AUS,2034,1981.9319913704446,29.273000000000003,67.70512046494873,4.215161811695427
02_BD,2034,40.018318138533076,0.504,79.40142487804182,4.374516313659347
03_CDA,2034,2400.9738420289386,41.647,57.65058328400458,4.054400364339593
04_CHL,2034,839.8065640028333,19.983,42.026050342933154,3.7382896722704704
05_PRC,2034,44577.044521196534,1435.761,31.047677518191772,3.4355240074560998
06_HKC,2034,650.3277729999902,8.105,80.237849845773,4.3849953467564236
07_INA,2034,8036.803251883597,303.066,26.518326872310315,3.2778360740480497
08_JPN,2034,6356.080281130684,119.138,53.350570608291925,3.9768846732536756
09_ROK,2034,3005.866379224983,52.823,56.904499540446075,4.041374416045256
10_MAS,2034,1842.0571248260396,38.091,48.35937950765376,3.8786601949706005
11_MEX,2034,3916.000285054688,152.028,25.75841479894946,3.2487613620347924
12_NZ,2034,278.1966821611417,5.34,52.0967569590153,3.953102700353893
13_PNG,2034,83.9726332877409,11.187,7.5062691774149375,2.0157385617025017
14_PE,2034,760.4626456550369,38.015,20.00427845995099,2.995946173673279
15_RP,2034,1999.717836584398,131.247,15.236293679736661,2.7236803238136735
16_RUS,2034,6070.005041462376,138.569,43.804927808257084,3.7797463180917914
17_SIN,2034,881.4869758652727,6.456,136.5376356668638,4.916600295792632
18_CT,2034,1549.0833427150314,24.127,64.20538578004027,4.162087097832124
19_THA,2034,2222.858561305861,69.318,32.067551881269814,3.4678446740675324
20_USA,2034,27787.66591054616,363.074,76.53444176819644,4.337740858706349
21_VN,2034,1454.1565605893163,108.494,13.403105799300572,2.5954864561681497
01_AUS,2035,2037.1277054252607,29.527,68.992031206193,4.2339910081624845
02_BD,2035,40.37763015056935,0.507,79.64029615496914,4.377520197860216
03_CDA,2035,2448.001199350481,41.88800000000001,58.4415870738751,4.068027743835359
04_CHL,2035,862.8703395389664,20.059,43.01661795398407,3.7615865050817083
05_PRC,2035,46088.498357636185,1433.509,32.15082595061223,3.4704381408858946
06_HKC,2035,664.2264015804551,8.127,81.73082337645565,4.403431205825214
07_INA,2035,8453.413859340053,304.758,27.73811962061719,3.322807626742589
08_JPN,2035,6431.338776886964,118.5,54.27290107077607,3.994025042898211
09_ROK,2035,3063.6093064235997,52.806,58.016310768162704,4.060724191152183
10_MAS,2035,1914.7771271045167,38.381,49.8886721842713,3.909793966651482
11_MEX,2035,4056.930893510308,153.061,26.505320712071057,3.2773454944258384
12_NZ,2035,284.7525645347758,5.37,53.02654833049829,3.9707927000338312
13_PNG,2035,88.60181940712522,11.362,7.798083031783596,2.053877938334392
14_PE,2035,783.3184768084282,38.299,20.45271356454289,3.018115566328605
15_RP,2035,2094.608497093333,132.667,15.78846658998344,2.7592797108211795
16_RUS,2035,6179.099593517234,138.077,44.751114186412174,3.8011163424312975
17_SIN,2035,903.9757932699392,6.48,139.5024372330153,4.938082072313211
18_CT,2035,1560.1585880392695,24.1,64.73687087299874,4.170330913579579
19_THA,2035,2304.296700198452,69.2,33.29908526298341,3.5055299270290248
20_USA,2035,28355.03267844857,365.034,77.67778529794093,4.352569312994
21_VN,2035,1522.6863854919864,108.989,13.971009785317658,2.6369844530701987
01_AUS,2036,2091.8955890239927,29.777,70.25205994640133,4.252089630864388
02_BD,2036,40.67279155590232,0.509,79.90725256562342,4.380866619186293
03_CDA,2036,2495.6264785258554,42.12300000000001,59.246171415280365,4.08170116046382
04_CHL,2036,886.0498810993885,20.131,44.01420103816941,3.7845123327128904
05_PRC,2036,47639.38521889909,1430.9229999999998,33.29276643040828,3.5053401490777163
06_HKC,2036,678.403629540761,8.146,83.28058305189798,4.422215425385688
07_INA,2036,8882.77087534739,306.378,28.992848296376994,3.367049189103353
08_JPN,2036,6505.34276376915,117.852,55.199256387410905,4.010949481949756
09_ROK,2036,3121.150744212921,52.767,59.14967203390226,4.080071045758175
10_MAS,2036,1988.5101256768328,38.659,51.4371847610345,3.9403613498359475
11_MEX,2036,4204.318921623797,154.058,27.290493980343747,3.3065384357049665
12_NZ,2036,291.41954018771736,5.398,53.98657654459381,3.9887354331549996
13_PNG,2036,93.35614022055329,11.536,8.092591905387767,2.0909490636135533
14_PE,2036,806.4332519971445,38.575,20.90559305242111,3.040016733333242
15_RP,2036,2191.0425094643224,134.067,16.342892057436373,2.7937930662696986
16_RUS,2036,6276.531455767653,137.595,45.61598499776629,3.8202582032893058
17_SIN,2036,927.4465009294548,6.501,142.6621290462167,4.960479100657056
18_CT,2036,1570.9666864226351,24.065,65.28014487523936,4.178687929943208
19_THA,2036,2388.871342222061,69.063,34.5897418620978,3.5435571601313436
20_USA,2036,28920.562213359346,366.942,78.81507762360086,4.36710431896162
21_VN,2036,1593.6062621259823,109.466,14.558002138800928,2.6781408176119044
01_AUS,2037,2147.4480071757475,30.026,71.51961657149629,4.269971769714091
02_BD,2037,40.982660351100286,0.513,79.88822680526371,4.380628492794677
03_CDA,2037,2543.8730738594963,42.351000000000006,60.06642284384066,4.095450997294349
04_CHL,2037,909.375170497648,20.199,45.02080154946522,3.8071246396174088
05_PRC,2037,49221.38088578707,1428.013,34.468440333377266,3.5400441324316176
06_HKC,2037,692.7500375700757,8.162,84.87503523279536,4.44118000099271
07_INA,2037,9324.649630876143,307.9240000000001,30.282308721879883,3.4105636714315075
08_JPN,2037,6578.1596128356105,117.198,56.12859957367541,4.027645478948853
09_ROK,2037,3178.57084637252,52.706,60.30757117543581,4.099457654316274
10_MAS,2037,2064.280351841848,38.925,53.032250529013446,3.9709002290381568
11_MEX,2037,4357.867161256555,155.018,28.112007387894018,3.336196794246856
12_NZ,2037,298.20120625715106,5.425,54.96796428703245,4.006750548023871
13_PNG,2037,98.32870053831572,11.709,8.397702667889291,2.1279581765255915
14_PE,2037,829.886119137147,38.844,21.364589618400448,3.061734860786092
15_RP,2037,2290.316706464901,135.445,16.90956998386726,2.827879732892723
16_RUS,2037,6361.060975840319,137.127,46.388099906220646,3.837042958800438
17_SIN,2037,951.2804357777196,6.52,145.90190732787113,4.982934528286822
18_CT,2037,1582.8132166617333,24.02,65.89563766285318,4.188072243002566
19_THA,2037,2475.6361461796077,68.908,35.92668697654275,3.581480389151873
20_USA,2037,29484.04406397685,368.797,79.94653986875394,4.381358159653657
21_VN,2037,1666.8455399053814,109.928,15.163066187917378,2.718862614903081
01_AUS,2038,2203.751836770168,30.273000000000003,72.79595140125419,4.287660341036067
02_BD,2038,41.303882335567685,0.515,80.20171327294696,4.3845448771498665
03_CDA,2038,2592.766017194476,42.574,60.90022119590539,4.109236806825928
04_CHL,2038,932.8651206473725,20.263,46.03785819707706,3.829464062291055
05_PRC,2038,50822.941907841065,1424.792,35.6704290225107,3.5743220268429248
06_HKC,2038,707.2851706889626,8.176,86.5074817378868,4.4602309042770525
07_INA,2038,9778.929011123537,309.399,31.60620755439913,3.453353542895652
08_JPN,2038,6649.849253415006,116.539,57.061149086700645,4.044123483800259
09_ROK,2038,3235.9265364040034,52.62600000000001,61.489122038612145,4.118860281746875
10_MAS,2038,2142.014093877681,39.181,54.66971475658306,4.001309895344057
11_MEX,2038,4517.210601611872,155.944,28.966876581413025,3.3661529903461282
12_NZ,2038,305.098762192981,5.4510000000000005,55.97115431902054,4.024836456578763
13_PNG,2038,103.54063948712152,11.880999999999998,8.714808474633578,2.1650237022111143
14_PE,2038,853.6422203201444,39.106,21.828932141363072,3.083236252341238
15_RP,2038,2392.428469903021,136.80100000000002,17.48838436782641,2.861536910139722
16_RUS,2038,6431.949606709958,136.67600000000002,47.059832060566286,3.851419814669098
17_SIN,2038,975.3622654748835,6.5360000000000005,149.2292327837949,5.005483598764141
18_CT,2038,1591.9590374426941,23.965,66.42850145807195,4.196126203212141
19_THA,2038,2564.705605669933,68.737,37.311864144055356,3.6193113496422646
20_USA,2038,30045.410866293936,370.602,81.07190696837561,4.39533650121434
21_VN,2038,1742.2900381330485,110.375,15.78518720845344,2.7590719818353153
01_AUS,2039,2260.727484292131,30.52,74.07363972123628,4.305059729757251
02_BD,2039,41.63187598954264,0.518,80.37041696822904,4.3866461603190325
03_CDA,2039,2642.312764011042,42.792,61.747821181787295,4.1230586903801045
04_CHL,2039,956.5234499236605,20.322,47.06837171162585,3.851601261902568
05_PRC,2039,52430.130973810774,1421.275,36.88950482757438,3.607927088573914
06_HKC,2039,721.9592577923961,8.187999999999999,88.17284535813339,4.47929903985115
07_INA,2039,10245.538372443503,310.802,32.96484054942859,3.4954415555879526
08_JPN,2039,6720.513126604663,115.876,57.99745526774019,4.060399134889762
09_ROK,2039,3293.225171999049,52.527,62.69585493173128,4.138295335911777
10_MAS,2039,2221.550062184865,39.429,56.34304857300122,4.03145887126123
11_MEX,2039,4681.9529181582175,156.835,29.852730054887093,3.3962762947816763
12_NZ,2039,312.109627194405,5.477,56.985507977798974,4.042796989505029
13_PNG,2039,108.9957666252892,12.053,9.043040456756758,2.201995451568612
14_PE,2039,877.6828613209213,39.359,22.299419734264625,3.1045606572425295
15_RP,2039,2497.461519571812,138.135,18.07986042329469,2.8947986349837165
16_RUS,2039,6489.10404419439,136.244,47.62854910450655,3.8634323525496503
17_SIN,2039,999.6463048893132,6.551,152.59445960758865,5.0277838115568425
18_CT,2039,1599.821357390524,23.902,66.93253105976588,4.203685112918754
19_THA,2039,2655.836452638723,68.546,38.745316322450954,3.657009879396058
20_USA,2039,30604.50765634123,372.358,82.19108400072304,4.40904682903466
21_VN,2039,1819.866337900896,110.808,16.423600623609268,2.798719362787349
01_AUS,2040,2318.290527798344,30.764,75.35725288643688,4.322240176398218
02_BD,2040,41.96499216137904,0.52,80.70190800265199,4.390762218151947
03_CDA,2040,2692.521059008975,43.005,62.60948864106441,4.136916842355465
04_CHL,2040,980.3417882661912,20.378,48.10785102886403,3.8734453868455887
05_PRC,2040,54027.94789375193,1417.473,38.11568043536062,3.6406257574482934
06_HKC,2040,736.7636747906893,8.199,89.8601871924246,4.498254986796138
07_INA,2040,10724.462970261377,312.134,34.35852220604412,3.536850087053886
08_JPN,2040,6790.328494689623,115.213,58.93717284238431,4.0764720094537195
09_ROK,2040,3350.4399080777016,52.41,63.92749299900213,4.1577495192279565
10_MAS,2040,2302.929228591302,39.668,58.05508794472376,4.0613923519296655
11_MEX,2040,4851.673587037319,157.69,30.767160803077676,3.4264479134834795
12_NZ,2040,319.23030010568283,5.502000000000002,58.0207742831121,4.060801123711281
13_PNG,2040,114.70817152517124,12.224,9.383849110370683,2.238990031764384
14_PE,2040,902.0323957020172,39.607,22.77457004322512,3.125644564514479
15_RP,2040,2605.2357201174873,139.44799999999998,18.682488957299405,2.9275866657502427
16_RUS,2040,6533.191263119163,135.83700000000002,48.09581530156851,3.873195173359608
17_SIN,2040,1024.0972944890348,6.563,156.04103222444536,5.050118999743757
18_CT,2040,1606.341776588761,23.831,67.40555480629268,4.210727430045919
19_THA,2040,2749.159425214896,68.339,40.22826534211645,3.694569866516443
20_USA,2040,31161.256121198927,374.069,83.30349780708619,4.422490538772448
21_VN,2040,1899.449844689578,111.229,17.076929979497955,2.8377284286154962
01_AUS,2041,2375.138639412673,31.009,76.59513816674749,4.338533604324218
02_BD,2041,42.23176755794726,0.522,80.90376926809819,4.393260414673749
03_CDA,2041,2743.424646321557,43.213,63.48609553425027,4.150820913957098
04_CHL,2041,1004.3080612009593,20.431,49.15608933488127,3.8950007317956135
05_PRC,2041,55602.06671413164,1413.3970000000004,39.339312814539454,3.672224344952208
06_HKC,2041,751.8509650726961,8.209,91.58861798912123,4.517307006198764
07_INA,2041,11215.778671267986,313.396,35.787880736410116,3.5776093091775647
08_JPN,2041,6859.623799835833,114.548,59.884273840100505,4.092413930419639
09_ROK,2041,3407.529374586746,52.276,65.18343742036012,4.177205409367119
10_MAS,2041,2385.2272124569517,39.9,59.780130638018846,4.090673342166533
11_MEX,2041,5025.961192099056,158.51,31.707533859687437,3.4565543138351664
12_NZ,2041,326.46007423137087,5.526,59.077103552546305,4.0788434306073835
13_PNG,2041,120.51216053685064,12.394,9.723427508217737,2.2745381806172467
14_PE,2041,927.4095740115537,39.845,23.27543164792455,3.147398368551832
15_RP,2041,2714.859751555517,140.737,19.290305687598266,2.959602673738591
16_RUS,2041,6565.698696892698,135.453,48.472154156000215,3.8809894919479175
17_SIN,2041,1048.3082220100673,6.573,159.48702601704963,5.071962577330598
18_CT,2041,1611.3186401707324,23.75,67.84499537560978,4.217225623436808
19_THA,2041,2844.307969035507,68.113,41.75866529202219,3.731906981665671
20_USA,2041,31715.95502846704,375.735,84.4104356220928,4.435691038770048
21_VN,2041,1980.3595252576251,111.638,17.7391168352857,2.875772191836412
01_AUS,2042,2432.794113613395,31.253,77.84193880950292,4.354680345192212
02_BD,2042,42.51137821109352,0.524,81.12858437231588,4.396035357374127
03_CDA,2042,2795.0964548656866,43.417,64.37792696099883,4.164770825305613
04_CHL,2042,1028.4127325811178,20.479,50.21791750481556,3.916371885422718
05_PRC,2042,57140.38542442298,1409.052,40.552361037366246,3.702594004202182
06_HKC,2042,767.0260048923875,8.216000000000001,93.35759553217957,4.536437232849934
07_INA,2042,11719.616574704716,314.588,37.25385766368938,3.6177555009047784
08_JPN,2042,6928.927126427613,113.886,60.84090341593886,4.108262316326521
09_ROK,2042,3464.460649334534,52.125,66.46447288891193,4.196667562631558
10_MAS,2042,2469.2253705578664,40.124,61.539860695789706,4.119685106254507
11_MEX,2042,5204.430222517353,159.295,32.67164834123704,3.4865076786174325
12_NZ,2042,333.803580069686,5.549,60.15562805364678,4.096935005020243
13_PNG,2042,126.5709271240303,12.564,10.074094804523265,2.3099672580914925
14_PE,2042,953.1465549337778,40.076,23.783475270330815,3.1689910231555323
15_RP,2042,2827.2224102073938,142.004,19.909456143540986,2.9911948019592254
16_RUS,2042,6588.8758550350585,135.094,48.77252768468665,3.887167197058144
17_SIN,2042,1072.5187650764992,6.581,162.97200502605975,5.093578437749951
18_CT,2042,1616.037674316594,23.662,68.29674897796441,4.223862166292543
19_THA,2042,2941.5183535122865,67.872,43.339202521102756,3.7690575954106045
20_USA,2042,32269.294086255104,377.36,85.51328727542692,4.448671770598479
21_VN,2042,2063.2673274753624,112.037,18.41594587034071,2.9132169127017877
01_AUS,2043,2491.2628837237453,31.496,79.09775475373843,4.370684489462259
02_BD,2043,42.800472049235296,0.526,81.36971872478193,4.3990031979590976
03_CDA,2043,2847.594538478778,43.619,65.28335217402457,4.178737060042483
04_CHL,2043,1052.6388056217938,20.523000000000003,51.29068876976045,3.9375092302398547
05_PRC,2043,58633.47442501367,1404.434,41.74882865625133,3.731671394765591
06_HKC,2043,782.2920467922551,8.222999999999999,95.13462809099539,4.555293026208383
07_INA,2043,12236.108164859426,315.709,38.75755257170187,3.6573256418840066
08_JPN,2043,6998.793708652581,113.226,61.812602305588655,4.12410726447703
09_ROK,2043,3521.19831555842,51.959,67.76878530299697,4.216101695171496
10_MAS,2043,2555.241484709094,40.341,63.3410546270319,4.148533691224989
11_MEX,2043,5386.696996439223,160.045,33.65739008678324,3.516232648227749
12_NZ,2043,341.26426688105687,5.572,61.24627905259456,4.114903097417749
13_PNG,2043,132.88366539569282,12.732,10.4369828303246,2.345355539758915
14_PE,2043,979.2514098529903,40.299,24.299645396982314,3.190461757523251
15_RP,2043,2942.324096110601,143.248,20.54007103841311,3.022377663034505
16_RUS,2043,6605.650712945476,134.755,49.01970771359486,3.8922224154872263
17_SIN,2043,1096.8495942128236,6.5870000000000015,166.51732111929914,5.115099334756217
18_CT,2043,1619.0984816857824,23.567,68.70193413187009,4.229777352134337
19_THA,2043,3041.043141452212,67.613,44.97719582701865,3.8061556019247935
20_USA,2043,32821.92206495224,378.95,86.61280397137416,4.461447656502823
21_VN,2043,2148.0935762558033,112.421,19.107582891593236,2.9500852662960138
01_AUS,2044,2550.59265623646,31.739,80.36146873677367,4.386534816743048
02_BD,2044,43.100189746600634,0.528,81.62914724734968,4.4021863948492195
03_CDA,2044,2900.951806712724,43.816,66.20759098760097,4.192795123855568
04_CHL,2044,1076.959404284869,20.562,52.37619902173275,3.958452270996638
05_PRC,2044,60075.23164471161,1399.5379999999998,42.92504501107624,3.7594554553811546
06_HKC,2044,797.7606121350342,8.228,96.95680750304257,4.574265595861469
07_INA,2044,12765.364530909186,316.757,40.30018130904506,3.6963559679262654
08_JPN,2044,7069.777294309315,112.571,62.80282927494039,4.1400001246080675
09_ROK,2044,3577.691327385157,51.779,69.0954117960014,4.235488329090086
10_MAS,2044,2642.9979764008467,40.554,65.17231287667916,4.177034729612944
11_MEX,2044,5572.39606134821,160.75799999999995,34.663258197714654,3.5456802844196456
12_NZ,2044,348.84140895695776,5.593,62.37107258304269,4.133101587488811
13_PNG,2044,139.4636618623853,12.899,10.811974716054369,2.380654289903732
14_PE,2044,1005.7000776839154,40.514,24.823519713775863,3.2117915793024436
15_RP,2044,3060.223209266792,144.468,21.182706268978542,3.0531851067500715
16_RUS,2044,6619.515313111786,134.434,49.23988956002043,3.896704058422195
17_SIN,2044,1121.3326337899932,6.59,170.1566970849762,5.1367197600605286
18_CT,2044,1621.4727217801087,23.466,69.09881197392434,4.23553753777379
19_THA,2044,3142.8379469549213,67.337,46.67326947970538,3.843171612783421
20_USA,2044,33374.28604604147,380.515,87.70820084895857,4.47401540525671
21_VN,2044,2234.518509571016,112.791,19.81114193128012,2.986244503232849
01_AUS,2045,2610.851824554533,31.982,81.63503922689428,4.402258572093652
02_BD,2045,43.40773232930098,0.53,81.90138175339807,4.405515861942568
03_CDA,2045,2955.1831430062452,44.011,67.14646663348356,4.206876302574893
04_CHL,2045,1101.3378679944674,20.598000000000006,53.46819438753602,3.9790869796890624
05_PRC,2045,61463.049766932825,1394.361,44.07972524111964,3.7859999316382917
06_HKC,2045,813.3671332813792,8.232999999999999,98.79353009612284,4.593032117752539
07_INA,2045,13307.482935545057,317.732,41.88272800833739,3.734873522570908
08_JPN,2045,7142.438951756623,111.924,63.81507944459296,4.155989517354242
09_ROK,2045,3633.893873545661,51.58600000000001,70.44341242867561,4.254809726927574
10_MAS,2045,2732.576904394803,40.761,67.03900552966813,4.2052746220791395
11_MEX,2045,5761.177263182197,161.436,35.68706647329094,3.5747883394836952
12_NZ,2045,356.5316482220224,5.614,63.507596762027504,4.151159532790741
13_PNG,2045,146.3244003193939,13.064,11.200581775826233,2.415965721222191
14_PE,2045,1032.4978915149395,40.72,25.35603859319596,3.233016910474554
15_RP,2045,3180.6950293636482,145.665,21.835684820400566,3.083545549871421
16_RUS,2045,6634.3231565805245,134.128,49.462626420885464,3.9012173626018414
17_SIN,2045,1146.1339944137849,6.5920000000000005,173.86741420112025,5.158293021404724
18_CT,2045,1622.9190316025629,23.36,69.47427361312342,4.24095652020325
19_THA,2045,3246.862847917165,67.046,48.42739086473711,3.8800655806036954
20_USA,2045,33926.65720269319,382.059,88.79952364083346,4.486381285578707
21_VN,2045,2322.642558509387,113.145,20.528017663258538,3.0217906683200333
01_AUS,2046,2670.7751532892125,32.225,82.87898070719045,4.417381480018443
02_BD,2046,43.64478505129746,0.532,82.03906964529598,4.407195592882638
03_CDA,2046,3010.3049867783793,44.20399999999999,68.10028474297303,4.220981394394494
04_CHL,2046,1125.7347168541903,20.63,54.56784861144888,3.9994448560385143
05_PRC,2046,62797.98309119616,1388.91,45.213860574980494,3.811403689719667
06_HKC,2046,830.6353724528489,8.238,100.82973688429824,4.613433320903536
07_INA,2046,13862.577929297724,318.635,43.506136894244904,3.7729020061726875
08_JPN,2046,7217.398990202257,111.282,64.85684109022355,4.1721823961813005
09_ROK,2046,3689.7859499456304,51.381,71.81226426005003,4.274055272888878
10_MAS,2046,2821.931806630493,40.964,68.88809214506624,4.2324833349999
11_MEX,2046,5952.481071230056,162.078,36.72602741414662,3.6034856975473604
12_NZ,2046,364.331912070991,5.635,64.65517516787773,4.169068151014545
13_PNG,2046,153.2718447057804,13.228,11.586925060914757,2.4498773124799653
14_PE,2046,1059.9316894103433,40.917,25.90443310629673,3.254414116464158
15_RP,2046,3302.1768871273716,146.83700000000005,22.48872482499214,3.1130140647191027
16_RUS,2046,6654.065262990277,133.833,49.71916689448998,3.9063905105586443
17_SIN,2046,1171.355260830151,6.5920000000000005,177.6934558298166,5.180059907413348
18_CT,2046,1624.5771597530422,23.249,69.87729191591218,4.246740731165071
19_THA,2046,3353.241131208185,66.73899999999999,50.24410211732548,3.916893169251201
20_USA,2046,34479.353202782986,383.588,89.8864229401936,4.498546906047755
21_VN,2046,2411.704113780665,113.481,21.252052006773514,3.05645345573296
01_AUS,2047,2731.88713215502,32.468,84.14091204124121,4.432492917671505
02_BD,2047,43.89495616688032,0.5329999999999999,82.35451438439085,4.411033274603701
03_CDA,2047,3066.353016008717,44.395,69.06978299377671,4.235117341265581
04_CHL,2047,1150.1147669953207,20.657,55.676756886058996,4.019562768748988
05_PRC,2047,64084.4423600169,1383.192,46.33083647101552,3.8358077538957387
06_HKC,2047,848.2545747019449,8.243,102.90605055221944,4.633816441424448
07_INA,2047,14430.73764459589,319.465,45.17157636860342,3.810468047631922
08_JPN,2047,7295.39999593102,110.65,65.93221867086326,4.188627224475623
09_ROK,2047,3745.392657716288,51.165,73.20224094041411,4.293226034438752
10_MAS,2047,2912.5898402772937,41.162,70.75919149403074,4.259282443195085
11_MEX,2047,6145.357454917636,162.68200000000004,37.77527602880241,3.6316548153141683
12_NZ,2047,372.2422958939279,5.6560000000000015,65.81370153711595,4.186828046701759
13_PNG,2047,160.485365711444,13.390999999999998,11.984569166712271,2.4836199195316
14_PE,2047,1087.8079457670483,41.106,26.46348333009897,3.2757657951508072
15_RP,2047,3426.215904548829,147.986,23.152297545368,3.1420940216278987
16_RUS,2047,6682.588232267973,133.55,50.03809982978639,3.9127847118518653
17_SIN,2047,1197.2162950273919,6.591,181.64410484408918,5.2020493047637055
18_CT,2047,1625.3748306271225,23.134,70.2591350664443,4.252190336292853
19_THA,2047,3462.0329204430336,66.417,52.12570457026113,3.9536581969630777
20_USA,2047,35032.78692262339,385.103,90.96991434141876,4.510528840220014
21_VN,2047,2502.285596606651,113.8,21.988449882308004,3.0905173101451164
01_AUS,2048,2794.1700244516687,32.71,85.42250151182111,4.447609549833756
02_BD,2048,44.15660230856596,0.535,82.53570524965599,4.413230990618586
03_CDA,2048,3123.340480408705,44.583,70.05675886343909,4.249305754401735
04_CHL,2048,1174.440896898439,20.682,56.78565404208679,4.0392837241444415
05_PRC,2048,65329.42522579548,1377.21,47.436066559054524,3.859382837235356
06_HKC,2048,866.0841887991193,8.247,105.01809006900925,4.654132621689447
07_INA,2048,15011.947341100105,320.226,46.87922698687834,3.8475746559450603
08_JPN,2048,7377.138738683214,110.024,67.05026847490741,4.205442613819707
09_ROK,2048,3800.7565531050104,50.938,74.61534714957419,4.312346211916657
10_MAS,2048,3004.6641706592713,41.356,72.65364567799766,4.285703570147443
11_MEX,2048,6339.669440018827,163.251,38.83387813868722,3.659293013561653
12_NZ,2048,380.2620500706896,5.675,67.00652864681756,4.204790057133569
13_PNG,2048,167.9777461697133,13.553,12.39413754664748,2.5172235823198292
14_PE,2048,1115.9729076099145,41.286,27.030298590561316,3.2969584068629816
15_RP,2048,3552.719374484763,149.111,23.826004617263404,3.1707776151681104
16_RUS,2048,6723.388365676049,133.274,50.447862041178695,3.9209403681252164
17_SIN,2048,1223.4519540916153,6.5870000000000015,185.73735450001746,5.224333603218635
18_CT,2048,1625.9675579777743,23.016,70.64509723573924,4.257668711616275
19_THA,2048,3573.4905281918927,66.081,54.07742812899158,3.9904168738174506
20_USA,2048,35587.15572701169,386.607,92.04995182966601,4.522331384372769
21_VN,2048,2594.447302934629,114.099,22.73856302802504,3.1240622949460053
01_AUS,2049,2857.5792937225847,32.95,86.72471301130757,4.462738883669681
02_BD,2049,44.432250670389,0.535,83.0509358325028,4.419454104298079
03_CDA,2049,3181.260927984513,44.768,71.06104646141246,4.263539316932695
04_CHL,2049,1198.676568583209,20.702,57.901486261385806,4.058743053703481
05_PRC,2049,66541.96792682816,1370.963,48.536662132258975,3.8823194326323853
06_HKC,2049,883.9891082771237,8.25,107.15019494268167,4.67423154126167
07_INA,2049,15606.037446756354,320.92,48.62905847798938,3.8842212632985835
08_JPN,2049,7463.193177784866,109.406,68.21557481111516,4.222672908441479
09_ROK,2049,3855.90418280612,50.702,76.05033692568577,4.331395449013512
10_MAS,2049,3097.9140703943763,41.545,74.56767530134495,4.3117071063526495
11_MEX,2049,6535.297419707422,163.783,39.90217189639598,3.6864307559080025
12_NZ,2049,388.3890020071857,5.694,68.21022163807265,4.222594431010017
13_PNG,2049,175.75631107827652,13.713,12.816765921262782,2.5507541514353087
14_PE,2049,1144.5331666245932,41.458,27.6070521159871,3.3180712515344215
15_RP,2049,3681.6385907520416,150.213,24.50945384721723,3.1990589144364807
16_RUS,2049,6779.441532649629,133.002,50.972478102958064,3.9312858420234975
17_SIN,2049,1249.9561950497296,6.581,189.93408221390814,5.246677076248094
18_CT,2049,1626.4514377009475,22.895,71.03959107669567,4.26323734242714
19_THA,2049,3687.5663270586974,65.733,56.09916369340662,4.027120904991627
20_USA,2049,36142.430310476935,388.103,93.1258720248927,4.533952040681575
21_VN,2049,2688.477581609882,114.376,23.50560940765442,3.1572390908642913
