Economy,Year,GDP,Population
01_AUS,2017,1157.2839262402715,24.451
02_BD,2017,32.43736557551188,0.429
03_CDA,2017,1702.5611200816886,36.624
04_CHL,2017,433.1239066425917,18.055
05_PRC,2017,22363.53103425593,1409.517
06_HKC,2017,436.58901554723224,7.365
07_INA,2017,3112.331291858526,263.991
08_JPN,2017,5210.443686636038,127.484
09_ROK,2017,1948.9256663767817,50.982
10_MAS,2017,893.3100835628853,31.624000000000002
11_MEX,2017,2359.4698788386995,129.16299999999998
12_NZ,2017,182.28064632235973,4.706
13_PNG,2017,33.23962869858415,8.251
14_PE,2017,414.7337437784622,32.165
15_RP,2017,840.1025536794957,104.91799999999999
16_RUS,2017,3831.9190602778194,143.989
17_SIN,2017,505.8220797008317,5.709
18_CT,2017,1144.7780219658462,23.625999999999998
19_THA,2017,1184.110262666981,69.038
20_USA,2017,18610.635383097208,324.459
21_VN,2017,621.3286484488359,95.54
27_WOR,2017,122744.62335969409,7555.0705911783825
01_AUS,2018,1201.142573044593,24.772
02_BD,2018,33.069907447754844,0.434
03_CDA,2018,1736.225570615856,36.954
04_CHL,2018,457.4892746900239,18.197
05_PRC,2018,23659.612528474434,1415.046
06_HKC,2018,449.15979307632864,7.428999999999999
07_INA,2018,3295.6092802902385,266.795
08_JPN,2018,5250.003682047788,127.185
09_ROK,2018,2013.3426615851529,51.163999999999994
10_MAS,2018,936.2440521866721,32.043
11_MEX,2018,2423.064928041367,130.76
12_NZ,2018,186.68281121246758,4.749
13_PNG,2018,34.876684370918056,8.418
14_PE,2018,432.9314934077994,32.552
15_RP,2018,883.4396102815883,106.512
16_RUS,2018,3970.161308865174,143.965
17_SIN,2018,527.0875184836726,5.792000000000001
18_CT,2018,1174.2262779100427,23.694000000000003
19_THA,2018,1226.9865831792758,69.184
20_USA,2018,19124.82455689129,326.767
21_VN,2018,659.4645195271681,96.491
01_AUS,2019,1245.0390436902644,25.089000000000002
02_BD,2019,33.676517404552804,0.439
03_CDA,2019,1771.1687625631268,37.28
04_CHL,2019,482.2439330945998,18.336
05_PRC,2019,24947.921525755708,1420.0620000000001
06_HKC,2019,461.8591705980494,7.4910000000000005
07_INA,2019,3488.936656138237,269.53700000000003
08_JPN,2019,5296.109833115374,126.855
09_ROK,2019,2078.1302763412327,51.339
10_MAS,2019,980.6861030181836,32.455
11_MEX,2019,2488.662577130829,132.328
12_NZ,2019,191.405456062625,4.792
13_PNG,2019,36.66514097076126,8.587
14_PE,2019,451.5893016269245,32.933
15_RP,2019,929.8297070151041,108.10600000000001
16_RUS,2019,4100.894051443608,143.895
17_SIN,2019,548.9968551711473,5.867999999999999
18_CT,2019,1204.3325864561432,23.758000000000003
19_THA,2019,1271.7640104624306,69.306
20_USA,2019,19629.75351822959,329.093
21_VN,2019,696.5400744835141,97.429
01_AUS,2020,1289.2245256983067,25.398000000000003
02_BD,2020,34.259481487500594,0.445
03_CDA,2020,1807.362860006072,37.604
04_CHL,2020,507.19116380146886,18.472
05_PRC,2020,26230.105407330553,1424.5479999999998
06_HKC,2020,474.5711982923629,7.547999999999999
07_INA,2020,3693.734814028445,272.223
08_JPN,2020,5347.531502458026,126.495
09_ROK,2020,2143.1839040071227,51.507
10_MAS,2020,1026.5351416420883,32.869
11_MEX,2020,2556.5909432179237,133.87
12_NZ,2020,196.3882619532084,4.834
13_PNG,2020,38.63917072228234,8.756
14_PE,2020,470.55653267015794,33.312
15_RP,2020,979.4895725488136,109.70299999999999
16_RUS,2020,4227.12334638796,143.787
17_SIN,2020,570.7673544531077,5.935
18_CT,2020,1235.324727049284,23.816999999999997
19_THA,2020,1318.6161117357276,69.411
20_USA,2020,20133.209031772192,331.43199999999996
21_VN,2020,732.1078181811342,98.36
01_AUS,2021,1333.6396858617347,25.7
02_BD,2021,34.76133239789712,0.45
03_CDA,2021,1844.7124604634075,37.924
04_CHL,2021,532.1832779323136,18.605
05_PRC,2021,27506.861830182643,1428.48
06_HKC,2021,487.07545612323617,7.598
07_INA,2021,3911.045296754372,274.85400000000004
08_JPN,2021,5403.147928927426,126.109
09_ROK,2021,2208.267338174221,51.667
10_MAS,2021,1073.995475233272,33.289
11_MEX,2021,2627.0085397348794,135.384
12_NZ,2021,201.56816099246066,4.875
13_PNG,2021,40.72545439373061,8.926
14_PE,2021,489.6655027183155,33.686
15_RP,2021,1032.1955577892008,111.303
16_RUS,2021,4351.665390529781,143.636
17_SIN,2021,592.6331772318366,5.9910000000000005
18_CT,2021,1265.0257972871973,23.873
19_THA,2021,1368.016320323389,69.498
20_USA,2021,20639.388991739565,333.784
21_VN,2021,769.5290196991334,99.28399999999999
01_AUS,2022,1378.646228254014,25.996
02_BD,2022,35.25930322003204,0.455
03_CDA,2022,1883.170718361836,38.242
04_CHL,2022,557.0930073556467,18.734
05_PRC,2022,28778.357426765917,1431.85
06_HKC,2022,499.27932103885416,7.643
07_INA,2022,4141.6022766206615,277.425
08_JPN,2022,5462.306520791281,125.697
09_ROK,2022,2273.136741324269,51.817
10_MAS,2022,1122.9520954241789,33.711
11_MEX,2022,2700.146947302018,136.869
12_NZ,2022,206.89745584012687,4.916
13_PNG,2022,43.00185541921618,9.097000000000001
14_PE,2022,508.982910654093,34.055
15_RP,2022,1088.467794252181,112.902
16_RUS,2022,4476.521507906239,143.442
17_SIN,2022,614.3910894743761,6.04
18_CT,2022,1295.170880778473,23.923000000000002
19_THA,2022,1419.641223927683,69.568
20_USA,2022,21150.427784056854,336.15
21_VN,2022,809.0924678369208,100.195
01_AUS,2023,1424.4426293414526,26.287
02_BD,2023,35.744984178210906,0.45899999999999996
03_CDA,2023,1922.7520778810635,38.556
04_CHL,2023,581.8188688279599,18.859
05_PRC,2023,30044.823379119327,1434.6760000000002
06_HKC,2023,511.25316162457466,7.685
07_INA,2023,4385.948175096245,279.934
08_JPN,2023,5524.722221845074,125.259
09_ROK,2023,2337.591252904002,51.958999999999996
10_MAS,2023,1173.554862214173,34.131
11_MEX,2023,2776.1111401265166,138.322
12_NZ,2023,212.3435709775213,4.956
13_PNG,2023,45.47034498491061,9.267999999999999
14_PE,2023,528.5603403054911,34.419000000000004
15_RP,2023,1148.0524393756039,114.49700000000001
16_RUS,2023,4602.990137711763,143.204
17_SIN,2023,636.1660492944418,6.081
18_CT,2023,1322.5251804731806,23.968000000000004
19_THA,2023,1473.6352115175425,69.62
20_USA,2023,21667.51115869029,338.524
21_VN,2023,850.6393135107872,101.084
01_AUS,2024,1471.2058197687124,26.573
02_BD,2024,36.21604655650144,0.46399999999999997
03_CDA,2024,1963.133816925033,38.868
04_CHL,2024,606.2988797361693,18.98
05_PRC,2024,31306.912044402583,1436.995
06_HKC,2024,523.2378309601917,7.726
07_INA,2024,4644.49099151526,282.376
08_JPN,2024,5590.267170142799,124.796
09_ROK,2024,2401.515619367339,52.093
10_MAS,2024,1225.847958895854,34.545
11_MEX,2024,2854.917199868193,139.745
12_NZ,2024,217.88736813798585,4.994
13_PNG,2024,48.128000499561395,9.442
14_PE,2024,548.3541673430137,34.778
15_RP,2024,1210.9496855746609,116.086
16_RUS,2024,4731.838474106231,142.925
17_SIN,2024,658.1108712500517,6.119
18_CT,2024,1349.5520267302106,24.009
19_THA,2024,1529.9001942513605,69.66
20_USA,2024,22191.525581899,340.895
21_VN,2024,894.2082911746771,101.943
01_AUS,2025,1519.0063086358066,26.857
02_BD,2025,36.670805374897306,0.469
03_CDA,2025,2004.1095679815653,39.173
04_CHL,2025,630.5043573717959,19.099
05_PRC,2025,32566.129111418453,1438.836
06_HKC,2025,535.4166282148311,7.768
07_INA,2025,4917.539392942039,284.751
08_JPN,2025,5658.856244283154,124.31
09_ROK,2025,2464.8339319596107,52.218999999999994
10_MAS,2025,1279.9383065994361,34.95
11_MEX,2025,2937.1124946134028,141.132
12_NZ,2025,223.51897062281841,5.033
13_PNG,2025,50.979655124634384,9.613999999999999
14_PE,2025,568.3644019414703,35.13
15_RP,2025,1277.063575229691,117.665
16_RUS,2025,4863.433859467284,142.607
17_SIN,2025,680.3014096841513,6.157
18_CT,2025,1376.402956983499,24.045
19_THA,2025,1588.6120838832474,69.685
20_USA,2025,22723.298420131483,343.256
21_VN,2025,939.74667489181,102.764
01_AUS,2026,1566.8596529259635,27.139
02_BD,2026,37.067938784377645,0.473
03_CDA,2026,2045.7105891066687,39.473
04_CHL,2026,654.4351009035747,19.214000000000002
05_PRC,2026,33825.34552011897,1440.205
06_HKC,2026,547.3574283813989,7.814
07_INA,2026,5205.336959494049,287.056
08_JPN,2026,5730.421374947725,123.801
09_ROK,2026,2527.488780571608,52.338
10_MAS,2026,1334.8070582751495,35.344
11_MEX,2026,3023.294578479674,142.484
12_NZ,2026,229.23592169831997,5.07
13_PNG,2026,53.924221119558155,9.788
14_PE,2026,588.5920376923904,35.478
15_RP,2026,1345.5974061778422,119.23200000000001
16_RUS,2026,4997.82436800401,142.254
17_SIN,2026,702.7181254198648,6.196000000000001
18_CT,2026,1400.846239293074,24.076999999999998
19_THA,2026,1649.893673120977,69.699
20_USA,2026,23263.858108470617,345.602
21_VN,2026,987.9114039811999,103.54299999999999
01_AUS,2027,1615.95859922924,27.418000000000003
02_BD,2027,37.46276766897426,0.478
03_CDA,2027,2087.986904982718,39.769
04_CHL,2027,678.1107657289838,19.327
05_PRC,2027,35088.93372249411,1441.106
06_HKC,2027,559.4722532431812,7.859
07_INA,2027,5508.052854214441,289.29200000000003
08_JPN,2027,5804.855810351422,123.272
09_ROK,2027,2589.456878576657,52.446999999999996
10_MAS,2027,1391.4455546852594,35.728
11_MEX,2027,3114.0811218406984,143.80100000000002
12_NZ,2027,235.0410129478407,5.107
13_PNG,2027,57.05106267971177,9.962
14_PE,2027,609.0640726335126,35.821
15_RP,2027,1417.1394933751324,120.789
16_RUS,2027,5134.736240781309,141.866
17_SIN,2027,725.1938516426003,6.234
18_CT,2027,1425.0274391592945,24.103
19_THA,2027,1713.5495418823702,69.70100000000001
20_USA,2027,23814.33590397527,347.93
21_VN,2027,1038.2446348571318,104.28399999999999
01_AUS,2028,1666.2222778138296,27.693
02_BD,2028,37.85801065837322,0.48200000000000004
03_CDA,2028,2130.945077325357,40.059
04_CHL,2028,701.5592257408988,19.435
05_PRC,2028,36362.31270301204,1441.556
06_HKC,2028,571.8199627339143,7.905
07_INA,2028,5825.728932115292,291.46
08_JPN,2028,5881.86236215477,122.72399999999999
09_ROK,2028,2650.728489603221,52.54600000000001
10_MAS,2028,1449.8007784591541,36.102
11_MEX,2028,3210.0393403876933,145.083
12_NZ,2028,240.9359906351235,5.144
13_PNG,2028,60.36594593777743,10.137
14_PE,2028,629.8293208283186,36.156
15_RP,2028,1491.768515868079,122.33200000000001
16_RUS,2028,5273.529221370249,141.44799999999998
17_SIN,2028,747.7500539141088,6.273
18_CT,2028,1446.775432147069,24.125
19_THA,2028,1779.5829440432394,69.69
20_USA,2028,24375.097729169112,350.23
21_VN,2028,1090.711843883287,104.986
01_AUS,2029,1717.4199636728592,27.965999999999998
02_BD,2029,38.25590742668084,0.486
03_CDA,2029,2174.536543888175,40.342
04_CHL,2029,724.8162389318138,19.538
05_PRC,2029,37651.695151987406,1441.5739999999998
06_HKC,2029,584.3939781829997,7.9479999999999995
07_INA,2029,6158.2765867297585,293.56
08_JPN,2029,5960.930694021197,122.161
09_ROK,2029,2711.3248498065805,52.631
10_MAS,2029,1510.0848572043783,36.464
11_MEX,2029,3311.660729364829,146.329
12_NZ,2029,246.9194669139268,5.178
13_PNG,2029,63.8714113866259,10.312000000000001
14_PE,2029,650.8912409236905,36.485
15_RP,2029,1569.44855703267,123.86
16_RUS,2029,5413.199016186695,141.006
17_SIN,2029,770.4325821941553,6.308
18_CT,2029,1467.0793141017193,24.141
19_THA,2029,1847.8320118350039,69.665
20_USA,2029,24942.329790259068,352.494
21_VN,2029,1145.4173195268336,105.652
01_AUS,2030,1769.3937962228101,28.234
02_BD,2030,38.65420045597129,0.49
03_CDA,2030,2218.710070273853,40.618
04_CHL,2030,747.9239886439917,19.637999999999998
05_PRC,2030,38964.095928652714,1441.182
06_HKC,2030,597.2737749834573,7.987
07_INA,2030,6505.53818421805,295.595
08_JPN,2030,6041.4827694178275,121.58
09_ROK,2030,2771.278697744955,52.702
10_MAS,2030,1572.3915282747225,36.815
11_MEX,2030,3419.3618896456305,147.54
12_NZ,2030,252.9902716995934,5.212999999999999
13_PNG,2030,67.57787018617755,10.487
14_PE,2030,672.2904556070259,36.806999999999995
15_RP,2030,1650.1044188270193,125.37200000000001
16_RUS,2030,5552.44415636233,140.54399999999998
17_SIN,2030,793.2509408344594,6.3420000000000005
18_CT,2030,1485.2060010240316,24.151
19_THA,2030,1918.3067188027317,69.626
20_USA,2030,25510.844730653218,354.712
21_VN,2030,1202.372647507211,106.28399999999999
01_AUS,2031,1821.332122453267,28.5
02_BD,2031,38.97988829851687,0.494
03_CDA,2031,2263.425517157098,40.885999999999996
04_CHL,2031,770.9288785986031,19.730999999999998
05_PRC,2031,40306.88905049149,1440.391
06_HKC,2031,609.9856774690599,8.023
07_INA,2031,6867.313615864774,297.565
08_JPN,2031,6122.239375132571,120.988
09_ROK,2031,2830.6344407240226,52.757
10_MAS,2031,1636.594090455519,37.153
11_MEX,2031,3533.473991320429,148.716
12_NZ,2031,259.149179264235,5.246
13_PNG,2031,71.37800232068619,10.662
14_PE,2031,693.8433652532266,37.12
15_RP,2031,1733.1226066366128,126.868
16_RUS,2031,5689.705502945769,140.063
17_SIN,2031,815.1075277713053,6.374
18_CT,2031,1502.2676300011685,24.155
19_THA,2031,1991.2107971569596,69.572
20_USA,2031,26080.027713361,356.88
21_VN,2031,1261.842958866568,106.881
01_AUS,2032,1874.0541690986304,28.76
02_BD,2032,39.31756879145919,0.49700000000000005
03_CDA,2032,2308.6949063890092,41.147
04_CHL,2032,793.8797905920351,19.82
05_PRC,2032,41686.98852904819,1439.2160000000001
06_HKC,2032,623.1094852343427,8.052999999999999
07_INA,2032,7243.345959975826,299.468
08_JPN,2032,6201.587219503597,120.382
09_ROK,2032,2889.4629833988265,52.798
10_MAS,2032,1702.9872363249606,37.478
11_MEX,2032,3654.2262618615637,149.856
12_NZ,2032,265.3999628766169,5.279
13_PNG,2032,75.37245665586373,10.837
14_PE,2032,715.7247401543723,37.426
15_RP,2032,1819.0356261299414,128.346
16_RUS,2032,5823.179932146355,139.569
17_SIN,2032,837.0792737697432,6.403
18_CT,2032,1520.4448917526424,24.153000000000002
19_THA,2032,2066.292733232481,69.50399999999999
20_USA,2032,26649.525332536603,358.99699999999996
21_VN,2032,1323.645211902747,107.445
01_AUS,2033,1927.5693719861385,29.018
02_BD,2033,39.6635488858325,0.5
03_CDA,2033,2354.5388251822988,41.401
04_CHL,2033,816.8236113282733,19.903
05_PRC,2033,43109.57600673476,1437.6670000000001
06_HKC,2033,636.5822704289858,8.08
07_INA,2033,7633.3085462761255,301.302
08_JPN,2033,6279.518300288991,119.766
09_ROK,2033,2947.844914392718,52.821000000000005
10_MAS,2033,1771.4084284745732,37.791
11_MEX,2033,3781.732343270704,150.959
12_NZ,2033,271.74748972935373,5.31
13_PNG,2033,79.56804742208845,11.012
14_PE,2033,737.9366256814357,37.725
15_RP,2033,1907.918138708389,129.80700000000002
16_RUS,2033,5950.780589587849,139.06799999999998
17_SIN,2033,859.2225485209669,6.431
18_CT,2033,1535.6371372626054,24.144000000000002
19_THA,2033,2143.52617436848,69.419
20_USA,2033,27218.948086293443,361.061
21_VN,2033,1387.7635677024825,107.98100000000001
01_AUS,2034,1981.9319913704446,29.273000000000003
02_BD,2034,40.018318138533076,0.504
03_CDA,2034,2400.9738420289386,41.647
04_CHL,2034,839.8065640028333,19.983
05_PRC,2034,44577.04452119653,1435.761
06_HKC,2034,650.3277729999902,8.105
07_INA,2034,8036.803251883597,303.066
08_JPN,2034,6356.080281130684,119.13799999999999
09_ROK,2034,3005.866379224983,52.823
10_MAS,2034,1842.05712482604,38.091
11_MEX,2034,3916.000285054688,152.028
12_NZ,2034,278.1966821611417,5.34
13_PNG,2034,83.9726332877409,11.187000000000001
14_PE,2034,760.4626456550369,38.015
15_RP,2034,1999.717836584398,131.247
16_RUS,2034,6070.005041462376,138.569
17_SIN,2034,881.4869758652727,6.456
18_CT,2034,1549.0833427150314,24.127
19_THA,2034,2222.8585613058603,69.318
20_USA,2034,27787.66591054616,363.074
21_VN,2034,1454.1565605893163,108.494
01_AUS,2035,2037.1277054252607,29.526999999999997
02_BD,2035,40.37763015056935,0.507
03_CDA,2035,2448.001199350481,41.888000000000005
04_CHL,2035,862.8703395389664,20.059
05_PRC,2035,46088.498357636185,1433.509
06_HKC,2035,664.2264015804551,8.127
07_INA,2035,8453.413859340053,304.758
08_JPN,2035,6431.338776886964,118.5
09_ROK,2035,3063.6093064235997,52.806000000000004
10_MAS,2035,1914.7771271045167,38.381
11_MEX,2035,4056.930893510308,153.061
12_NZ,2035,284.7525645347758,5.37
13_PNG,2035,88.60181940712522,11.362
14_PE,2035,783.3184768084282,38.299
15_RP,2035,2094.608497093333,132.667
16_RUS,2035,6179.099593517234,138.077
17_SIN,2035,903.9757932699392,6.48
18_CT,2035,1560.1585880392695,24.1
19_THA,2035,2304.296700198452,69.2
20_USA,2035,28355.03267844857,365.034
21_VN,2035,1522.6863854919866,108.98899999999999
01_AUS,2036,2091.8955890239927,29.776999999999997
02_BD,2036,40.67279155590232,0.509
03_CDA,2036,2495.6264785258554,42.123000000000005
04_CHL,2036,886.0498810993885,20.131
05_PRC,2036,47639.38521889909,1430.9229999999998
06_HKC,2036,678.403629540761,8.146
07_INA,2036,8882.77087534739,306.378
08_JPN,2036,6505.34276376915,117.852
09_ROK,2036,3121.150744212921,52.766999999999996
10_MAS,2036,1988.5101256768328,38.659
11_MEX,2036,4204.318921623797,154.058
12_NZ,2036,291.41954018771736,5.398
13_PNG,2036,93.35614022055327,11.536
14_PE,2036,806.4332519971445,38.575
15_RP,2036,2191.0425094643224,134.067
16_RUS,2036,6276.531455767653,137.595
17_SIN,2036,927.4465009294548,6.501
18_CT,2036,1570.9666864226351,24.065
19_THA,2036,2388.871342222061,69.063
20_USA,2036,28920.562213359346,366.94199999999995
21_VN,2036,1593.6062621259823,109.46600000000001
01_AUS,2037,2147.4480071757475,30.026
02_BD,2037,40.982660351100286,0.513
03_CDA,2037,2543.8730738594963,42.351000000000006
04_CHL,2037,909.375170497648,20.199
05_PRC,2037,49221.38088578707,1428.013
06_HKC,2037,692.7500375700757,8.162
07_INA,2037,9324.649630876143,307.92400000000004
08_JPN,2037,6578.1596128356105,117.198
09_ROK,2037,3178.57084637252,52.706
10_MAS,2037,2064.2803518418477,38.925
11_MEX,2037,4357.867161256555,155.018
12_NZ,2037,298.20120625715106,5.425
13_PNG,2037,98.32870053831573,11.709000000000001
14_PE,2037,829.886119137147,38.844
15_RP,2037,2290.316706464901,135.445
16_RUS,2037,6361.060975840319,137.127
17_SIN,2037,951.2804357777196,6.52
18_CT,2037,1582.8132166617333,24.02
19_THA,2037,2475.6361461796077,68.908
20_USA,2037,29484.04406397685,368.79699999999997
21_VN,2037,1666.8455399053814,109.928
01_AUS,2038,2203.751836770168,30.273000000000003
02_BD,2038,41.303882335567685,0.515
03_CDA,2038,2592.766017194476,42.574
04_CHL,2038,932.8651206473725,20.262999999999998
05_PRC,2038,50822.94190784106,1424.7920000000001
06_HKC,2038,707.2851706889626,8.176
07_INA,2038,9778.929011123537,309.399
08_JPN,2038,6649.849253415006,116.539
09_ROK,2038,3235.9265364040034,52.626000000000005
10_MAS,2038,2142.014093877681,39.181
11_MEX,2038,4517.210601611872,155.944
12_NZ,2038,305.098762192981,5.4510000000000005
13_PNG,2038,103.54063948712152,11.880999999999998
14_PE,2038,853.6422203201444,39.106
15_RP,2038,2392.428469903021,136.80100000000002
16_RUS,2038,6431.949606709958,136.67600000000002
17_SIN,2038,975.3622654748835,6.5360000000000005
18_CT,2038,1591.9590374426941,23.965
19_THA,2038,2564.705605669933,68.737
20_USA,2038,30045.410866293936,370.602
21_VN,2038,1742.2900381330485,110.375
01_AUS,2039,2260.727484292131,30.52
02_BD,2039,41.631875989542635,0.518
03_CDA,2039,2642.312764011042,42.792
04_CHL,2039,956.5234499236605,20.322
05_PRC,2039,52430.130973810774,1421.275
06_HKC,2039,721.9592577923961,8.187999999999999
07_INA,2039,10245.538372443503,310.802
08_JPN,2039,6720.513126604663,115.876
09_ROK,2039,3293.225171999049,52.527
10_MAS,2039,2221.550062184865,39.429
11_MEX,2039,4681.9529181582175,156.835
12_NZ,2039,312.109627194405,5.477
13_PNG,2039,108.9957666252892,12.052999999999999
14_PE,2039,877.6828613209213,39.359
15_RP,2039,2497.461519571812,138.135
16_RUS,2039,6489.10404419439,136.244
17_SIN,2039,999.6463048893132,6.551
18_CT,2039,1599.821357390524,23.901999999999997
19_THA,2039,2655.836452638723,68.546
20_USA,2039,30604.50765634123,372.358
21_VN,2039,1819.866337900896,110.80799999999999
01_AUS,2040,2318.290527798344,30.764
02_BD,2040,41.96499216137904,0.52
03_CDA,2040,2692.521059008975,43.005
04_CHL,2040,980.3417882661912,20.378
05_PRC,2040,54027.94789375193,1417.473
06_HKC,2040,736.7636747906893,8.199
07_INA,2040,10724.462970261377,312.134
08_JPN,2040,6790.328494689623,115.213
09_ROK,2040,3350.4399080777016,52.41
10_MAS,2040,2302.929228591302,39.668
11_MEX,2040,4851.673587037319,157.69
12_NZ,2040,319.23030010568283,5.502000000000001
13_PNG,2040,114.70817152517124,12.224
14_PE,2040,902.0323957020172,39.607
15_RP,2040,2605.2357201174873,139.44799999999998
16_RUS,2040,6533.191263119162,135.83700000000002
17_SIN,2040,1024.0972944890348,6.563
18_CT,2040,1606.341776588761,23.831
19_THA,2040,2749.159425214896,68.339
20_USA,2040,31161.256121198927,374.069
21_VN,2040,1899.449844689578,111.229
01_AUS,2041,2375.138639412673,31.009
02_BD,2041,42.23176755794726,0.522
03_CDA,2041,2743.424646321557,43.213
04_CHL,2041,1004.3080612009593,20.430999999999997
05_PRC,2041,55602.06671413164,1413.3970000000002
06_HKC,2041,751.8509650726961,8.209
07_INA,2041,11215.778671267986,313.39599999999996
08_JPN,2041,6859.623799835833,114.54799999999999
09_ROK,2041,3407.529374586746,52.276
10_MAS,2041,2385.2272124569517,39.9
11_MEX,2041,5025.961192099056,158.51
12_NZ,2041,326.46007423137087,5.526
13_PNG,2041,120.51216053685063,12.394
14_PE,2041,927.4095740115537,39.845
15_RP,2041,2714.859751555517,140.737
16_RUS,2041,6565.698696892698,135.453
17_SIN,2041,1048.3082220100673,6.5729999999999995
18_CT,2041,1611.3186401707324,23.75
19_THA,2041,2844.307969035507,68.113
20_USA,2041,31715.955028467037,375.735
21_VN,2041,1980.3595252576254,111.63799999999999
01_AUS,2042,2432.794113613395,31.253
02_BD,2042,42.51137821109352,0.524
03_CDA,2042,2795.0964548656866,43.417
04_CHL,2042,1028.4127325811178,20.479
05_PRC,2042,57140.38542442298,1409.0520000000001
06_HKC,2042,767.0260048923875,8.216000000000001
07_INA,2042,11719.616574704716,314.58799999999997
08_JPN,2042,6928.927126427613,113.88600000000001
09_ROK,2042,3464.460649334534,52.125
10_MAS,2042,2469.2253705578664,40.124
11_MEX,2042,5204.430222517353,159.295
12_NZ,2042,333.803580069686,5.5489999999999995
13_PNG,2042,126.5709271240303,12.564
14_PE,2042,953.1465549337778,40.076
15_RP,2042,2827.2224102073938,142.004
16_RUS,2042,6588.875855035059,135.094
17_SIN,2042,1072.5187650764992,6.581
18_CT,2042,1616.037674316594,23.662
19_THA,2042,2941.5183535122865,67.872
20_USA,2042,32269.294086255104,377.36
21_VN,2042,2063.2673274753624,112.037
01_AUS,2043,2491.2628837237453,31.496
02_BD,2043,42.800472049235296,0.526
03_CDA,2043,2847.594538478778,43.619
04_CHL,2043,1052.6388056217938,20.523000000000003
05_PRC,2043,58633.47442501367,1404.434
06_HKC,2043,782.2920467922551,8.222999999999999
07_INA,2043,12236.108164859426,315.709
08_JPN,2043,6998.793708652581,113.226
09_ROK,2043,3521.1983155584194,51.958999999999996
10_MAS,2043,2555.241484709094,40.341
11_MEX,2043,5386.696996439223,160.045
12_NZ,2043,341.26426688105687,5.572
13_PNG,2043,132.88366539569282,12.732000000000001
14_PE,2043,979.2514098529902,40.299
15_RP,2043,2942.324096110601,143.248
16_RUS,2043,6605.650712945476,134.755
17_SIN,2043,1096.8495942128236,6.587000000000001
18_CT,2043,1619.0984816857824,23.566999999999997
19_THA,2043,3041.043141452212,67.613
20_USA,2043,32821.92206495224,378.95
21_VN,2043,2148.0935762558033,112.421
01_AUS,2044,2550.5926562364602,31.739
02_BD,2044,43.100189746600634,0.528
03_CDA,2044,2900.951806712724,43.816
04_CHL,2044,1076.959404284869,20.561999999999998
05_PRC,2044,60075.23164471161,1399.5379999999998
06_HKC,2044,797.7606121350342,8.228
07_INA,2044,12765.364530909186,316.757
08_JPN,2044,7069.777294309315,112.571
09_ROK,2044,3577.691327385157,51.778999999999996
10_MAS,2044,2642.9979764008467,40.554
11_MEX,2044,5572.3960613482095,160.75799999999998
12_NZ,2044,348.84140895695776,5.593
13_PNG,2044,139.4636618623853,12.899000000000001
14_PE,2044,1005.7000776839154,40.514
15_RP,2044,3060.223209266792,144.468
16_RUS,2044,6619.515313111786,134.434
17_SIN,2044,1121.3326337899932,6.59
18_CT,2044,1621.4727217801087,23.465999999999998
19_THA,2044,3142.8379469549213,67.337
20_USA,2044,33374.28604604147,380.515
21_VN,2044,2234.518509571016,112.791
01_AUS,2045,2610.851824554533,31.982
02_BD,2045,43.40773232930098,0.53
03_CDA,2045,2955.1831430062452,44.011
04_CHL,2045,1101.3378679944674,20.598000000000003
05_PRC,2045,61463.049766932825,1394.361
06_HKC,2045,813.3671332813792,8.232999999999999
07_INA,2045,13307.482935545057,317.732
08_JPN,2045,7142.438951756623,111.92399999999999
09_ROK,2045,3633.8938735456604,51.586000000000006
10_MAS,2045,2732.576904394803,40.760999999999996
11_MEX,2045,5761.177263182197,161.436
12_NZ,2045,356.53164822202234,5.614
13_PNG,2045,146.3244003193939,13.064
14_PE,2045,1032.4978915149395,40.72
15_RP,2045,3180.6950293636482,145.665
16_RUS,2045,6634.3231565805245,134.128
17_SIN,2045,1146.1339944137849,6.5920000000000005
18_CT,2045,1622.919031602563,23.36
19_THA,2045,3246.862847917165,67.046
20_USA,2045,33926.65720269319,382.059
21_VN,2045,2322.642558509387,113.145
01_AUS,2046,2670.7751532892125,32.225
02_BD,2046,43.64478505129746,0.532
03_CDA,2046,3010.3049867783793,44.20399999999999
04_CHL,2046,1125.7347168541903,20.63
05_PRC,2046,62797.983091196154,1388.91
06_HKC,2046,830.6353724528489,8.238
07_INA,2046,13862.577929297724,318.635
08_JPN,2046,7217.398990202257,111.28200000000001
09_ROK,2046,3689.7859499456304,51.381
10_MAS,2046,2821.931806630493,40.964
11_MEX,2046,5952.481071230056,162.078
12_NZ,2046,364.331912070991,5.635
13_PNG,2046,153.2718447057804,13.228
14_PE,2046,1059.9316894103433,40.917
15_RP,2046,3302.1768871273716,146.83700000000002
16_RUS,2046,6654.065262990277,133.833
17_SIN,2046,1171.355260830151,6.5920000000000005
18_CT,2046,1624.5771597530422,23.249000000000002
19_THA,2046,3353.241131208185,66.73899999999999
20_USA,2046,34479.353202782986,383.588
21_VN,2046,2411.704113780665,113.48100000000001
01_AUS,2047,2731.88713215502,32.468
02_BD,2047,43.89495616688032,0.5329999999999999
03_CDA,2047,3066.353016008717,44.395
04_CHL,2047,1150.1147669953207,20.656999999999996
05_PRC,2047,64084.4423600169,1383.192
06_HKC,2047,848.2545747019449,8.243
07_INA,2047,14430.73764459589,319.465
08_JPN,2047,7295.399995931021,110.65
09_ROK,2047,3745.3926577162874,51.165
10_MAS,2047,2912.5898402772937,41.162
11_MEX,2047,6145.357454917635,162.68200000000002
12_NZ,2047,372.24229589392786,5.656000000000001
13_PNG,2047,160.485365711444,13.390999999999998
14_PE,2047,1087.8079457670483,41.106
15_RP,2047,3426.2159045488293,147.986
16_RUS,2047,6682.588232267973,133.55
17_SIN,2047,1197.2162950273919,6.591
18_CT,2047,1625.3748306271225,23.134
19_THA,2047,3462.0329204430336,66.417
20_USA,2047,35032.78692262339,385.103
21_VN,2047,2502.285596606651,113.8
01_AUS,2048,2794.1700244516683,32.71
02_BD,2048,44.15660230856596,0.535
03_CDA,2048,3123.340480408705,44.583
04_CHL,2048,1174.440896898439,20.682
05_PRC,2048,65329.42522579548,1377.21
06_HKC,2048,866.0841887991193,8.247
07_INA,2048,15011.947341100105,320.226
08_JPN,2048,7377.138738683214,110.024
09_ROK,2048,3800.75655310501,50.938
10_MAS,2048,3004.6641706592713,41.356
11_MEX,2048,6339.669440018827,163.251
12_NZ,2048,380.2620500706896,5.675
13_PNG,2048,167.9777461697133,13.552999999999999
14_PE,2048,1115.9729076099145,41.286
15_RP,2048,3552.719374484763,149.111
16_RUS,2048,6723.388365676049,133.274
17_SIN,2048,1223.4519540916153,6.587000000000001
18_CT,2048,1625.9675579777743,23.016
19_THA,2048,3573.4905281918927,66.081
20_USA,2048,35587.15572701169,386.60699999999997
21_VN,2048,2594.447302934629,114.09899999999999
01_AUS,2049,2857.5792937225847,32.95
02_BD,2049,44.432250670389,0.535
03_CDA,2049,3181.260927984513,44.768
04_CHL,2049,1198.676568583209,20.701999999999998
05_PRC,2049,66541.96792682816,1370.963
06_HKC,2049,883.9891082771237,8.25
07_INA,2049,15606.037446756354,320.92
08_JPN,2049,7463.193177784866,109.406
09_ROK,2049,3855.9041828061204,50.702
10_MAS,2049,3097.914070394376,41.545
11_MEX,2049,6535.297419707422,163.783
12_NZ,2049,388.3890020071857,5.694
13_PNG,2049,175.75631107827652,13.713
14_PE,2049,1144.5331666245932,41.458
15_RP,2049,3681.6385907520416,150.213
16_RUS,2049,6779.441532649629,133.002
17_SIN,2049,1249.9561950497296,6.581
18_CT,2049,1626.4514377009475,22.895
19_THA,2049,3687.5663270586983,65.733
20_USA,2049,36142.430310476935,388.103
21_VN,2049,2688.477581609882,114.376
