Economy,Year,GDP,SteelConsumption,Population,GDPpercap,Conspercap,lnGDPpercap,lnConspercap
01_AUS,1990.0,515.3176260493769,5511000.0,17.042,30.2380956489483,323377.53784767044,3.409102574756535,12.686575767459608
03_CDA,1990.0,916.5548409075647,11222000.0,27.692,33.09818145701158,405243.3915932399,3.499478339997929,12.912243132477276
04_CHL,1990.0,125.464694297763,930000.0,13.242,9.47475413817875,70231.08291798821,2.2486308021546457,11.159546268626784
05_PRC,1990.0,1825.7958390498056,68634000.0,1172.446,1.557253672279837,58539.15660081573,0.4429238033319265,10.977451152913115
06_HKC,1990.0,162.13632654424458,2026000.0,5.782,28.041564604677376,350397.7862331373,3.3336878596352655,12.766824320196612
07_INA,1990.0,884.2749564020372,4690000.0,181.437,4.873730035230064,25849.192832773908,1.5838595649185012,10.160034654411303
08_JPN,1990.0,3980.9227381228943,99032000.0,124.516,31.971174291841162,795335.5392078126,3.464834693452582,13.58651936649002
09_ROK,1990.0,525.4576235542752,21478000.0,42.923,12.241866215182423,500384.40929105604,2.5048617340226857,13.123131900596826
10_MAS,1990.0,200.55412257474308,2938000.0,18.038,11.118423471268605,162878.36789000998,2.4086035046050367,12.000758991972443
11_MEX,1990.0,940.5093842977684,8257000.0,85.35799999999998,11.018409338290127,96733.75664846883,2.399567450138426,11.479717706858628
12_NZ,1990.0,83.052842336916,680000.0,3.399,24.43449318532392,200058.84083553986,3.195995789165656,12.20636680643831
14_PE,1990.0,122.1844728011287,425000.0,21.827,5.597859201957608,19471.297017455443,1.7223842392867126,9.876696712349613
15_RP,1990.0,261.7603085719227,2316000.0,61.948,4.225484415508534,37386.19487311939,1.4411339087950386,10.529056794221095
17_SIN,1990.0,110.27203305047426,3453000.0,3.013,36.598749767830824,1146033.8533023566,3.6000140804749923,13.951817716223966
18_CT,1990.0,371.75037451415466,15350000.0,20.311,18.3029084985552,755748.1167840087,2.907059981565929,13.535463420788131
19_THA,1990.0,396.5059375763737,6783000.0,56.583,7.007509986681048,119876.99485711256,1.9469824291975744,11.694221453191073
20_USA,1990.0,9748.318566926584,103052000.0,252.53,38.60261579585231,408078.24812893517,3.653320040906649,12.91921421962772
21_VN,1990.0,104.42134026464936,215000.0,68.21,1.530880226721146,3152.0304940624546,0.42584288155852956,8.055802125443172
01_AUS,1991.0,513.3205306995841,5294000.0,17.272000000000002,29.719808400855953,306507.6424270495,3.3918137730204316,12.632997968556678
03_CDA,1991.0,897.0717058391658,10688000.0,28.045,31.986867742526858,381101.8006774826,3.4653254355235235,12.850821811798264
04_CHL,1991.0,135.25645109624097,1131000.0,13.457,10.051010707902279,84045.47818978969,2.307673197398943,11.339113338338853
05_PRC,1991.0,1995.4866903556065,70863000.0,1189.184,1.6780302210218154,59589.60093644045,0.517620618026943,10.995236356897665
06_HKC,1991.0,171.38129793074796,2301000.0,5.854,29.275930633882467,393064.57123334473,3.376765698351096,12.88172918074781
07_INA,1991.0,945.3958896108239,4479000.0,184.616,5.120877332467521,24261.16912943623,1.6333257783695598,10.096632372987159
08_JPN,1991.0,4116.970643786462,99151000.0,124.94,32.95158190960831,793588.9226828878,3.4950392691924086,13.584320876542488
09_ROK,1991.0,579.86325028895,26068000.0,43.378,13.36768062817442,600949.7902162386,2.5928399002367892,13.306266666293993
10_MAS,1991.0,219.6979509900228,4137000.0,18.53,11.856338423638574,223259.57906098219,2.472862612650273,12.31609040514628
11_MEX,1991.0,980.2200485078308,9072000.0,87.071,11.257709782910853,104190.83276866007,2.421053207966517,11.55397942716304
12_NZ,1991.0,81.68866179036993,538000.0,3.446,23.705357455127665,156123.04120719674,3.1657010755539385,11.958399701038184
14_PE,1991.0,124.89606283596486,552000.0,22.283,5.604993171294926,24772.247901988063,1.72365783819955,10.117479269354401
15_RP,1991.0,260.2464580042893,2076000.0,63.508,4.097853152426297,32688.79511242678,1.410463215213284,10.394787641052652
17_SIN,1991.0,117.64600794752633,3631000.0,3.097,37.987086841306535,1172424.9273490475,3.63724628200888,13.974584749405407
18_CT,1991.0,399.4258513876652,18920000.0,20.518,19.46709481370822,922117.1654157325,2.9687255947790847,13.734427571922485
19_THA,1991.0,430.4399479033422,7114000.0,57.258,7.5175512225949594,124244.64703622201,2.01724044963784,11.730007860827365
20_USA,1991.0,9741.096570863929,89599000.0,254.975,38.204124211644,351403.0787332092,3.6429434734404755,12.76968921603201
21_VN,1991.0,110.6457333892697,263000.0,69.67,1.588140281172236,3774.9389981340605,0.4625636971930189,8.236139502117874
01_AUS,1992.0,515.5925686283554,5120000.0,17.486,29.486021310096955,292805.6731099165,3.38391629714652,12.58726443625699
03_CDA,1992.0,904.9926339347306,11160000.0,28.385,31.88277730966111,393165.40426281485,3.462065967745472,12.881985678294749
04_CHL,1992.0,150.36014368138814,1440000.0,13.671,10.99847441162959,105332.45556287031,2.3977565733281883,11.564876870602328
05_PRC,1992.0,2279.168342538583,85856000.0,1204.004,1.8929906732357893,71308.73319357744,0.6381579452397652,11.174774084085104
06_HKC,1992.0,182.0668115952936,2233000.0,5.92,30.754528985691486,377195.945945946,3.4260372674948187,12.84052008192638
07_INA,1992.0,1006.8230491481032,4452000.0,187.766,5.362115873737009,23710.362898501327,1.6793586497512911,10.073667484657264
08_JPN,1992.0,4151.8854194860505,84040000.0,125.341,33.12471912212325,670490.9008225561,3.5002798049383084,13.415765410877345
09_ROK,1992.0,615.6727382845621,23238000.0,43.853,14.03946681605733,529906.7338608532,2.641872421812263,13.180456296195644
10_MAS,1992.0,239.21837310386329,4532000.0,19.013,12.581832067735931,238363.22516173142,2.532253874034122,12.381550945402585
11_MEX,1992.0,1015.7888887057768,9431000.0,88.82799999999997,11.435458286866496,106171.47746206154,2.436718904228853,11.57281077791401
12_NZ,1992.0,82.72324666990603,619000.0,3.504,23.608232497119303,176655.25114155252,3.161595485826612,12.081955378592589
14_PE,1992.0,124.2209882199155,508000.0,22.737,5.46338515283087,22342.43743677706,1.6980685890025375,10.014243173062617
15_RP,1992.0,261.12505793249915,2666000.0,65.075,4.0126785698424765,40968.113714944295,1.389458990853421,10.620549328840163
16_RUS,1992.0,2617.208589481355,59057000.0,148.31799999999996,17.645926923781037,398178.2386493886,2.8705049875571227,12.894655019820535
17_SIN,1992.0,125.98428751879324,3399000.0,3.189,39.50589135114244,1065851.3640639698,3.676449808915788,13.879284440650332
18_CT,1992.0,429.4839265359943,21300000.0,20.717,20.73099032369524,1028141.1401264663,3.0316296977955357,13.843263011415901
19_THA,1992.0,465.2340791003196,8568000.0,57.838,8.043744235629164,148137.90241709602,2.084894675734744,11.90589889200366
20_USA,1992.0,10087.431143085003,97372000.0,257.455,39.181337100017494,378209.78423413803,3.668200539040191,12.843204305401043
21_VN,1992.0,120.21221601008259,485000.0,71.13,1.6900353719961,6818.501335582736,0.5247494588911562,8.827394981174196
01_AUS,1993.0,536.4177591440542,5757000.0,17.688,30.326648526913967,325474.8982360923,3.4120268153282836,12.693040620102801
03_CDA,1993.0,929.0223230891361,12714000.0,28.711,32.3577138758363,442826.79112535267,3.4768524430889016,13.000933981882792
04_CHL,1993.0,160.26704850983708,1607000.0,13.883,11.544122200521292,115753.0793056256,2.446176407046285,11.659214574666985
05_PRC,1993.0,2595.23374497076,129420000.0,1217.129,2.1322585732249912,106332.19650505412,0.7571817809499958,11.574323401866682
06_HKC,1993.0,193.3570828093901,4091000.0,5.984,32.31234672616813,683656.4171122995,3.475449408773239,13.435210756239359
07_INA,1993.0,1072.2303834715538,5833000.0,190.88,5.617300835454494,30558.466051969826,1.7258512701461128,10.32739704738617
08_JPN,1993.0,4130.381980864649,80589000.0,125.717,32.85460185070157,641035.0231074557,3.4920918218987307,13.370839372643353
09_ROK,1993.0,657.8262740418855,26710000.0,44.341,14.83562107399214,602377.0325432444,2.6970311183192415,13.308638828152745
10_MAS,1993.0,262.8888956244558,5592000.0,19.495,13.484939503690988,286842.78020005126,2.601573470388897,12.566689540461223
11_MEX,1993.0,1321.2310835923656,8745000.0,90.601,14.582963583099145,96522.11344245648,2.679853969512315,11.477527415919225
12_NZ,1993.0,88.12741370470958,726000.0,3.565,24.720172147183614,203646.56381486676,3.2076195964480747,12.224141239940673
14_PE,1993.0,130.73461139699359,634000.0,23.184,5.639001526785437,27346.445824706694,1.7297070155796523,10.216341847841036
15_RP,1993.0,266.6512662800613,3069000.0,66.65,4.000769186497544,46046.51162790697,1.3864866392576505,10.737407286977156
16_RUS,1993.0,2390.3348070809616,39747000.0,148.431,16.10401336028836,267780.9891464721,2.779068517962603,12.49792472072188
17_SIN,1993.0,140.51958288176309,4156000.0,3.2880000000000003,42.73709941659461,1263990.2676399027,3.7550673818087597,14.049784154007321
18_CT,1993.0,455.9600185259515,25110000.0,20.903,21.813137756587643,1201262.9766062289,3.0825124376595823,13.998884041794122
19_THA,1993.0,503.62074358725965,8055000.0,58.365,8.62881424804694,138010.79414032382,2.1551070968194397,11.835087179488585
20_USA,1993.0,10364.417548894113,104356000.0,260.02,39.86007825895744,401338.358587801,3.685375278128367,12.902560137502578
21_VN,1993.0,129.91662442552663,899000.0,72.561,1.7904469952939819,12389.575667369523,0.5824653067196339,9.424610726043937
01_AUS,1994.0,557.759321916292,6326000.0,17.883,31.18935983427233,353743.77900799643,3.440077005698347,12.776328141941832
03_CDA,1994.0,970.7677053797896,15324000.0,29.027,33.44361130601818,527922.2792572433,3.509860775986634,13.176704353477222
04_CHL,1994.0,168.32879834245458,1549000.0,14.091,11.945837651157092,109928.32304307715,2.4803829039915057,11.607583823686038
05_PRC,1994.0,2933.967772577387,118515000.0,1228.992,2.3872960707452835,96432.68629901578,0.8701613743300001,11.476600492619433
06_HKC,1994.0,205.0283462133184,4474000.0,6.055,33.86099854885523,738893.4764657308,3.5222638667856643,13.512909044027156
07_INA,1994.0,1153.0762444626316,5281000.0,193.945,5.945377526941306,27229.36915104798,1.7826140313966923,10.212051417975564
08_JPN,1994.0,4171.3994149926975,79333000.0,126.063,33.08979966360231,629312.3279630026,3.4992250676269587,13.352382959285011
09_ROK,1994.0,718.3866917531199,32188000.0,44.826,16.026116355532945,718065.4084682997,2.7742196637521443,13.484315942026441
10_MAS,1994.0,287.10633060175326,5302000.0,19.987,14.364653554898348,265272.42707760044,2.664770574834359,12.488512603618704
11_MEX,1994.0,1386.5141773449234,11101000.0,92.349,15.013851555998693,120207.04068262785,2.7089732120630825,11.696970874098493
12_NZ,1994.0,92.72448439227699,844000.0,3.623,25.5932885432727,232956.1137179133,3.2423301508355205,12.358605361665154
14_PE,1994.0,146.82590609806903,815000.0,23.619,6.216431944539101,34506.117955882975,1.8271960997983043,10.44889191935256
15_RP,1994.0,278.35091947902316,3114000.0,68.236,4.079238517483779,45635.73480274342,1.4059103331254326,10.728446346557808
16_RUS,1994.0,2089.875554735868,21037000.0,148.412,14.081580699241757,141747.2980621513,2.644867609999736,11.861801160118391
17_SIN,1994.0,155.8719882367333,4089000.0,3.385,46.04785472281634,1207976.366322009,3.8296811757924134,14.004457092982541
18_CT,1994.0,488.06470270580314,22980000.0,21.074,23.15956641861076,1090443.2001518458,3.142407931398756,13.902094777207548
19_THA,1994.0,543.8948152816097,11375000.0,58.901,9.234050615127241,193120.6600906606,2.22289780545674,12.171070454359178
20_USA,1994.0,10782.895772582568,117471000.0,262.741,41.040019534760724,447098.09279861156,3.7145476768555956,13.0105332964975
21_VN,1994.0,141.3999301125016,552000.0,73.925,1.9127484628001572,7467.027392627663,0.6485411934699311,8.918252259520692
01_AUS,1995.0,579.1179831076207,6256000.0,18.077,32.036177634984824,346075.12308458256,3.4668658153013765,12.754411149214567
03_CDA,1995.0,996.7620341174236,15047000.0,29.33,33.98438575238403,513024.2072962837,3.5259011765550525,13.148078310751655
04_CHL,1995.0,183.3661079318804,1683000.0,14.297,12.825495413854682,117717.00356718192,2.551435019071361,11.676038748125915
05_PRC,1995.0,3255.214575049436,99944000.0,1239.94,2.6253000750434987,80603.9001887188,0.9651952038124904,11.297302316762186
06_HKC,1995.0,209.89528500709355,3404000.0,6.14,34.18489983828886,554397.3941368079,3.531784021371377,13.22563702651635
07_INA,1995.0,1247.8591970739742,7262000.0,196.958,6.335661395190722,36870.80494318586,1.8461942116684757,10.51517532291789
08_JPN,1995.0,4285.785040347049,84340000.0,126.376,33.91296638876882,667373.5519402418,3.5237974306002156,13.411105216015892
09_ROK,1995.0,787.1406381589267,37306000.0,45.298,17.376940221619645,823568.3694644355,2.8551440526478586,13.621401848182677
10_MAS,1995.0,315.32625639541175,8313000.0,20.496,15.384770511095422,405591.3348946136,2.733378092256867,12.913101367358847
11_MEX,1995.0,1299.2853700808623,8423000.0,94.045,13.815570950936916,89563.50683183582,2.6257962858555834,11.402703226174733
12_NZ,1995.0,96.96868500519554,908000.0,3.675,26.38603673610763,247074.8299319728,3.2728349587181627,12.417446524918631
14_PE,1995.0,157.70775403084983,1152000.0,24.039,6.56049561258163,47922.126544365405,1.8810661508006066,10.77733260877393
15_RP,1995.0,291.3741022908218,4686000.0,69.836,4.172262189856546,67100.063004754,1.4284583802876667,11.11394026192735
16_RUS,1995.0,2003.280967482116,21894000.0,148.289,13.509302561094323,147644.12734592587,2.6033785267383136,11.902560112225457
17_SIN,1995.0,166.82674303721762,4993000.0,3.479,47.95249871722265,1435182.5237137107,3.8702109108627054,14.17680259331294
18_CT,1995.0,516.0127589501311,24090000.0,21.229,24.30697437232706,1134768.4770832353,3.19076332037354,13.941939203141189
19_THA,1995.0,588.0604984377845,11958000.0,59.49100000000001,9.884864911293883,201005.1940629675,2.291004790499243,12.211086027816629
20_USA,1995.0,11076.080097968677,112583000.0,265.659,41.69284721379166,423787.63753533666,3.73032958444658,12.956987753874909
21_VN,1995.0,154.89016241220884,752000.0,75.199,2.059736996664967,10000.132980491762,0.7225783031289266,9.210353669936941
01_AUS,1996.0,601.5798342986807,6400000.0,18.272,32.923589880619566,350262.6970227671,3.4941894184849938,12.766438714856301
03_CDA,1996.0,1012.8203492369572,15300000.0,29.622,34.19149109570445,516508.0008102086,3.531976814741895,13.154846057857883
04_CHL,1996.0,195.84035131940846,2159000.0,14.498,13.508094310898638,148917.0920126914,2.6032890843540444,11.911145000618259
05_PRC,1996.0,3578.404402536425,111934000.0,1249.981,2.862767036088089,89548.5611381293,1.0517886522456925,11.40253633966719
06_HKC,1996.0,218.83390895017726,4563000.0,6.242000000000001,35.058300056100165,731015.7000961229,3.557012391611927,13.502190216060951
07_INA,1996.0,1345.419163555132,7675000.0,199.914,6.729989713352402,38391.508348589894,1.9065736151788564,10.555591577366009
08_JPN,1996.0,4418.6443462016805,84400000.0,126.654,34.887523064424975,666382.4277164559,3.5521292599707848,13.409619000514198
09_ROK,1996.0,846.9201054694846,39400000.0,45.757,18.509082882826338,861070.4373101384,2.9182615782388543,13.665931588786293
10_MAS,1996.0,346.8673979728598,8705000.0,21.023000000000003,16.499424343474278,414070.3039528135,2.803325492023639,12.933791054701437
11_MEX,1996.0,1387.2893293755874,11924000.0,95.687,14.49820068949374,124614.62894646086,2.6740245513469385,11.732981285718761
12_NZ,1996.0,100.22484955385592,916000.0,3.717,26.963908946423437,246435.2972827549,3.294499266128327,12.414854752341153
14_PE,1996.0,162.12195160986772,856000.0,24.441,6.633196334432623,35023.11689374412,1.8920867897484492,10.463763605127264
15_RP,1996.0,308.4074636415246,4992000.0,71.446,4.316651228081692,69870.95148783697,1.4624799229648697,11.15440526942768
16_RUS,1996.0,1931.1628526438064,19600000.0,148.07399999999996,13.041876714641376,132366.24930777858,2.5681654659775024,11.79332797539498
17_SIN,1996.0,179.39202306798032,4872000.0,3.5660000000000003,50.30623193157047,1366236.6797532248,3.91812896469116,14.12757056893092
18_CT,1996.0,541.8761508604206,21610000.0,21.364,25.363983844805308,1011514.6976221681,3.233330208903554,13.826959466005544
19_THA,1996.0,621.2998768159163,9684000.0,60.152,10.32883157361212,160992.15321186327,2.3349391667256207,11.98911090496436
20_USA,1996.0,11496.514943363645,119867000.0,268.803,42.76929551888798,445928.8028779441,3.755820450718734,13.007914583456394
21_VN,1996.0,169.35693068107847,1703000.0,76.373,2.217497422925359,22298.45626072041,0.7963792730477582,10.012272729075319
01_AUS,1997.0,625.4410201081226,6500000.0,18.468,33.86620208512685,351960.1472817847,3.522417528423327,12.771273230221123
03_CDA,1997.0,1056.1671604706642,17700000.0,29.903,35.319772613806784,591913.8547971776,3.5644429378273457,13.291116387732421
04_CHL,1997.0,210.38715681479906,2321000.0,14.695,14.316921185083297,157944.87921061585,2.661442137374793,11.970001385385693
05_PRC,1997.0,3908.7186550782453,114721000.0,1259.067,3.104456438837842,91115.88183948908,1.132838640105053,11.419887402186323
06_HKC,1997.0,229.993805177328,5116000.0,6.357,36.179613839441245,804782.1299355042,3.588495806594579,13.598326873726599
07_INA,1997.0,1408.6522343194315,7486000.0,202.827,6.945092292049044,36908.30116306015,1.9380352651099522,10.516191768496633
08_JPN,1997.0,4466.1909581054415,85500000.0,126.902,35.1940155246209,673748.2466785393,3.5608760546450293,13.42061179886955
09_ROK,1997.0,897.076284851512,39900000.0,46.202,19.416395066263625,863598.9783992035,2.9661178156762773,13.668863794666095
10_MAS,1997.0,372.2676021039283,8848000.0,21.566,17.2617825328725,410275.43355281465,2.848494955691954,12.924584002284373
11_MEX,1997.0,1482.2749804350512,14438000.0,97.282,15.23688843193038,148413.88951707407,2.72371935827956,11.907760200464198
12_NZ,1997.0,103.24001131398529,780000.0,3.752,27.515994486669854,207889.12579957358,3.314767453295593,12.244760167521797
14_PE,1997.0,172.62230576320846,1160000.0,24.828000000000007,6.952726992234913,46721.44353149668,1.9391339556019926,10.751958514531141
15_RP,1997.0,324.3995079161176,4601000.0,73.065,4.43987556170694,62971.32690070485,1.4906263494087988,11.05043477321099
16_RUS,1997.0,1958.199132568476,18600000.0,147.769,13.251758708311458,125872.13826986715,2.584130276326777,11.74302189506425
17_SIN,1997.0,194.26562685909678,5611000.0,3.65,53.223459413451174,1537260.2739726028,3.9744992655687357,14.245512347138709
18_CT,1997.0,571.7293062429907,25240000.0,21.484,26.611864934043503,1174827.778812139,3.281357166488868,13.976632123594074
19_THA,1997.0,604.191821944506,8366000.0,60.863,9.927079209774512,137456.25421027554,2.2952662968015503,11.831060994269938
20_USA,1997.0,12012.366614663313,124017000.0,272.137,44.14087983134713,455715.3198572778,3.7873863333745468,13.029623594982432
21_VN,1997.0,183.16305017270162,1720000.0,77.454,2.3647978177073052,22206.72915536964,0.8606925289479542,10.008150637037009
01_AUS,1998.0,654.0658254762316,6600000.0,18.665,35.04236943349754,353603.0002678811,3.5565578846009998,12.775930094630107
03_CDA,1998.0,1097.1650257962758,18200000.0,30.178,36.3564525745999,603088.3425011598,3.5933717005947075,13.309818969955565
04_CHL,1998.0,219.4855166624309,2214000.0,14.887,14.743434987736341,148720.36004567743,2.6907978981286456,11.909823043355798
05_PRC,1998.0,4215.068932435674,122939000.0,1267.442,3.325650351207924,96997.73244061662,1.2016652493299846,11.482442880311416
06_HKC,1998.0,216.46402269135342,4961000.0,6.473,33.44106638210311,766414.3364745867,3.5097846771250034,13.549478211719812
07_INA,1998.0,1223.7423223780168,3626000.0,205.715,5.948726745147494,17626.3276863622,1.7831772042457092,9.777148954566007
08_JPN,1998.0,4415.794020358305,72500000.0,127.128,34.735023129116364,570291.3598892455,3.547748490018132,13.253902666914568
09_ROK,1998.0,847.9952743932066,25800000.0,46.627,18.18678607659096,553327.4712076694,2.9006952906404995,13.22370527740549
10_MAS,1998.0,344.8708836412943,4471000.0,22.114,15.595138086338713,202179.61472370444,2.7469592045469335,12.216911763095908
11_MEX,1998.0,1558.818551207984,16832000.0,98.822,15.774003270607597,170326.44552832365,2.7583632223174535,12.045472142488718
12_NZ,1998.0,104.34066552875359,740000.0,3.784,27.574171651361944,195560.2536997886,3.316879524846546,12.183623813990721
14_PE,1998.0,171.9464246063992,1436000.0,25.2,6.8232708177142545,56984.12698412698,1.9203389489280784,10.95052803407293
15_RP,1998.0,322.52863708352817,3257000.0,74.694,4.31799926478068,43604.57332583608,1.4627921618241158,10.682917316630666
16_RUS,1998.0,1854.4145785679762,18400000.0,147.381,12.582453495145074,124846.48631777502,2.5323032636667198,11.734840152082215
17_SIN,1998.0,189.94277035045158,4820000.0,3.732,50.89570480987448,1291532.6902465166,3.9297785351211085,14.071340203041686
18_CT,1998.0,593.0325290122702,24220000.0,21.596,27.460294916293304,1121503.9822189293,3.3127411401326015,13.930181183733179
19_THA,1998.0,558.0694276353637,4187000.0,61.598,9.059862781833237,67972.98613591351,2.2038539744471737,11.126865642521356
20_USA,1998.0,12546.906233599084,135145000.0,275.543,45.535202250099196,490467.9124492366,3.8184857026503964,13.103115137803332
21_VN,1998.0,193.72140262631996,2123000.0,78.453,2.4692669831149856,27060.78798771239,0.9039213386259163,10.205841021319735
01_AUS,1999.0,686.8872668259597,6600000.0,18.864,36.412598962360036,349872.77353689563,3.5949148400946997,12.76532486320164
03_CDA,1999.0,1153.8139699999765,18200000.0,30.454,37.88710744072951,597622.6439876535,3.634610881148575,13.300714803628484
04_CHL,1999.0,218.58102526107223,1737000.0,15.077,14.49764709564716,115208.59587451085,2.673986366993734,11.65449964142646
05_PRC,1999.0,4538.2587599226645,136181000.0,1275.407,3.558282775555305,106774.54334185088,1.2692780620707844,11.578474818874026
06_HKC,1999.0,221.89012156515182,5037000.0,6.579,33.727028661673785,765617.8750569996,3.5182995533365515,13.548438466623926
07_INA,1999.0,1233.4236670668029,3546000.0,208.612,5.912525008469325,16998.06339040899,1.7770729835713597,9.740854698337944
08_JPN,1999.0,4404.668238677392,71000000.0,127.336,34.590910965299614,557579.9459697179,3.5435909586907424,13.231361172878037
09_ROK,1999.0,943.8918502581674,35200000.0,47.023,20.07298237581965,748569.848797397,2.9993747504641024,13.525919796854527
10_MAS,1999.0,366.03772041718435,6158000.0,22.656,16.156325936492955,271804.37853107345,2.782311671828749,12.512837889955273
11_MEX,1999.0,1601.7414656353146,17623000.0,100.3,15.969506137939328,175702.89132602193,2.7706810373867823,12.076549730078616
12_NZ,1999.0,109.75984825905493,830000.0,3.819,28.74046825322203,217334.38072793925,3.3583061732537844,12.289192371529401
14_PE,1999.0,174.51687000825012,929000.0,25.561,6.827466453121948,36344.43096905442,1.9209536608599789,10.500796265421277
15_RP,1999.0,332.46870023759635,3589000.0,76.335,4.355390060098204,47016.44068906793,1.471414172332291,10.758252621420839
16_RUS,1999.0,1973.0971115982532,21589000.0,146.92,13.429738031569924,146943.9150558127,2.5974715041326806,11.89780626272713
17_SIN,1999.0,201.52017062375046,3706000.0,3.819,52.7677849237367,970411.1023828228,3.9659008704845715,13.785475077584064
18_CT,1999.0,628.6669637695078,24470000.0,21.711,28.956149590968074,1127078.439500714,3.3657826025650874,13.935139390866754
19_THA,1999.0,583.5860269716602,6909000.0,62.307,9.366299564602054,110886.41725648803,2.237118094512309,11.616261688438824
20_USA,1999.0,13134.753835321817,127857000.0,278.862,47.10126813736478,458495.59997418075,3.8522999250201044,13.035705974065937
21_VN,1999.0,202.96886208695085,2538000.0,79.391,2.556572685656445,31968.359133906863,0.9386675668397655,10.372501915553935
01_AUS,2000.0,713.9725305391428,6100000.0,19.066,37.44742109195126,319941.2566872968,3.6229378448938534,12.675892685072153
03_CDA,2000.0,1213.6125745394295,19800000.0,30.736,39.485052529263065,644195.7313899011,3.6759221833086206,13.375757889638562
04_CHL,2000.0,230.22470187261848,1977000.0,15.263,15.083843403827457,129528.92616130512,2.713624197734389,11.77165950321977
05_PRC,2000.0,4923.625387888118,138086000.0,1283.1989999999996,3.836992849813723,107610.74470912153,1.3446889477795563,11.586275779615818
06_HKC,2000.0,238.89460010865537,5223000.0,6.6629999999999985,35.85390966661495,783881.1346240434,3.5794526173508916,13.572012673838035
07_INA,2000.0,1294.1089470942295,5287000.0,211.54,6.1175614403622465,24992.909142478966,1.8111635596618192,10.126347429317681
08_JPN,2000.0,4527.10184288363,79600000.0,127.534,35.49721519660349,624147.2862138724,3.5694542482382885,13.3441416550987
09_ROK,2000.0,1028.1287802773247,40000000.0,47.387,21.69643109454755,844113.3644248423,3.0771477813313965,13.646042082597146
10_MAS,2000.0,398.4645195369764,6761000.0,23.186,17.18556540744313,291598.3783317519,2.8440698109792506,12.583132717824606
11_MEX,2000.0,1680.9067962030845,19800000.0,101.72,16.52484070195718,194651.98584349194,2.8048647458702387,12.178968555110846
12_NZ,2000.0,112.27273341967293,960000.0,3.859,29.09373760551255,248769.11116869655,3.370522948458347,12.424280480888537
14_PE,2000.0,179.2190026385579,1098000.0,25.915,6.915647410324442,42369.284198340734,1.9337865847869666,10.654178949409943
15_RP,2000.0,347.13463321797616,3309000.0,77.991,4.450957587644423,42427.97245836058,1.4931192612631834,10.65556315148686
16_RUS,2000.0,2170.4068227431867,29412000.0,146.39600000000004,14.825588286177123,200907.12861007126,2.696354626132034,12.210598033548674
17_SIN,2000.0,219.4505173155209,3730000.0,3.914,56.06809333559553,952989.2692897292,4.026566904485085,13.767358922646114
18_CT,2000.0,662.0000428048781,25300000.0,21.84,30.31135727128563,1158424.9084249085,3.4115224697202384,13.962571802821044
19_THA,2000.0,609.5887296953002,7177000.0,62.958,9.682466560171864,113996.63267575209,2.2703166787650577,11.64392418900838
20_USA,2000.0,13672.251138380112,133262000.0,281.982,48.486254932513816,472590.449035754,3.8812803543237666,13.06598443412691
21_VN,2000.0,216.74500096695988,2934000.0,80.285,2.6996948491867707,36544.80911751884,0.9931387478034608,10.506294433683417
01_AUS,2001.0,727.7743744291494,6000000.0,19.269,37.769182335832134,311380.9746224506,3.631493487981485,12.648772440248564
03_CDA,2001.0,1235.1034576763811,16900000.0,31.025,39.809942229698024,544721.9983883965,3.6841166858606584,13.20803084880263
04_CHL,2001.0,237.82913270055332,2278000.0,15.445,15.398454690874283,147491.09744253804,2.734267159636289,11.90152309661872
05_PRC,2001.0,5334.25134104797,170648000.0,1290.938,4.132073996619488,132189.15238377056,1.418779459281817,11.791989148447362
06_HKC,2001.0,240.23449019470328,5057000.0,6.722,35.73854361718287,752305.8613507884,3.5762297595216768,13.530898250759206
07_INA,2001.0,1341.2593723720145,5457000.0,214.506,6.252782543947556,25439.847836424156,1.8330265717046734,10.144072036163536
08_JPN,2001.0,4545.497083045592,75200000.0,127.723,35.58871215869963,588774.1440460997,3.5720285133855034,13.285797932467418
09_ROK,2001.0,1074.6547615097436,39700000.0,47.713,22.523311498118826,832058.3488776643,3.1145508394468795,13.631657848206869
10_MAS,2001.0,400.5272719943089,8024000.0,23.699,16.900597999675465,338579.6869066205,2.827349005899189,12.732514755465846
11_MEX,2001.0,1674.1093750803302,18790000.0,103.067,16.24292329339488,182308.59537970446,2.787657324285357,12.113456109197068
12_NZ,2001.0,116.53645448016628,1000000.0,3.908,29.819972999019008,255885.36335721597,3.39517840387069,12.452484823783738
14_PE,2001.0,180.32638310192192,1023000.0,26.262,6.866437556237983,38953.62120173635,1.9266454209743715,10.57012701749695
15_RP,2001.0,357.18066458503966,3386000.0,79.666,4.483476823049227,42502.44771922778,1.5003988220086764,10.657316946647667
16_RUS,2001.0,2280.923595911167,31861000.0,145.815,15.642585439846155,218502.89750711518,2.749997030908142,12.294554554331986
17_SIN,2001.0,217.3607118394954,3547000.0,4.019,54.08328236862289,882557.8502114954,3.990525124578935,13.690579618288695
18_CT,2001.0,650.0596067701862,20910000.0,21.985,29.568324165121044,951103.0247896293,3.386703658775835,13.765377668772043
19_THA,2001.0,630.584451514175,8178000.0,63.543,9.923743787894418,128700.25022425759,2.2949302480733063,11.765241337826753
20_USA,2001.0,13805.68982578028,114386000.0,284.8520000000001,48.46618533757978,401562.91688315326,3.880866345245402,12.903119504657838
21_VN,2001.0,230.16778763553023,4036000.0,81.14,2.836674730534018,49741.18807000246,1.0426324966395784,10.814588602677336
01_AUS,2002.0,756.9073448126333,6800000.0,19.475,38.8655889505845,349165.59691912704,3.6601092563197013,12.763301578389523
03_CDA,2002.0,1272.2802731681315,17671000.0,31.321,40.620678559692585,564190.1599565786,3.7042772610765358,13.24314663669709
04_CHL,2002.0,245.2184137707142,2270000.0,15.623,15.69598756773438,145298.59822057225,2.753405110756841,11.88654620202782
05_PRC,2002.0,5821.302944795918,205720000.0,1298.647,4.482590684609381,158411.02316487854,1.500201157103304,11.972948346628508
06_HKC,2002.0,244.21430488688918,4966000.0,6.759,36.13172139175753,734724.071608226,3.5871711884131194,13.507250294932032
07_INA,2002.0,1401.6090077594647,5248000.0,217.508,6.443942327452161,24127.848171101752,1.8631405154689924,10.091121978144555
08_JPN,2002.0,4550.860441271894,73600000.0,127.902,35.58083877712541,575440.5716876984,3.5718072563590697,13.262891238019993
09_ROK,2002.0,1154.5277632354007,45400000.0,48.004,24.050657512611465,945754.5204566286,3.1801623355797797,13.75973832224238
10_MAS,2002.0,422.119650427079,7640000.0,24.199,17.443681574737756,315715.5254349353,2.858977495671384,12.662596851147903
11_MEX,2002.0,1673.442334880613,19673000.0,104.356,16.035899563806712,188518.14941162942,2.774829931590699,12.146949564586077
12_NZ,2002.0,122.43388875508602,1100000.0,3.964,30.886450240939965,277497.47729566094,3.430317584203461,12.533567121300857
14_PE,2002.0,190.1605345875724,1310000.0,26.601,7.148623532482705,49246.268937258,1.96691982523344,10.804588886111354
15_RP,2002.0,370.20312628390883,4041000.0,81.352,4.550633374519481,49673.02586291671,1.5152664264660884,10.813217325571774
16_RUS,2002.0,2389.123081900046,29260000.0,145.195,16.454582333414002,201522.0909810944,2.8006039997221484,12.213654287020171
17_SIN,2002.0,226.5152637094493,3781000.0,4.131,54.833034061837154,915274.751876059,4.004292823683587,13.726979574458442
18_CT,2002.0,685.9883296775987,24470000.0,22.143,30.979918244031914,1105089.6445829382,3.433339195993372,13.91543701596283
19_THA,2002.0,669.3583315851985,10806000.0,64.07300000000001,10.446808040597418,168651.3820173864,2.346296481090731,12.035589035044934
20_USA,2002.0,14052.277074202771,118257000.0,287.507,48.87629544394665,411318.68093646417,3.8892925232012625,12.927123572434514
21_VN,2002.0,244.71628146334567,5234000.0,81.956,2.985947111417659,63863.536531797545,1.093916986775829,11.064503844187275
01_AUS,2003.0,779.5066672931822,7000000.0,19.697,39.5748929935108,355384.0686398944,3.678194901872348,12.78095436713603
03_CDA,2003.0,1295.2102409860304,17233000.0,31.628,40.95137982123531,544865.3092196787,3.7123855049996672,13.208293904055033
04_CHL,2003.0,255.25041600974944,2290000.0,15.8,16.155089620870218,144936.70886075948,2.782235146823452,11.884052435497502
05_PRC,2003.0,6405.505799291431,258570000.0,1306.344,4.903383641132375,197934.08168139477,1.5899255058108313,12.195689333445204
06_HKC,2003.0,251.6782728895432,4851000.0,6.782,37.10974239008304,715275.7298731938,3.613879533255985,13.480423383523906
07_INA,2003.0,1468.6110919730352,5063000.0,220.546,6.658978589378339,22956.662102237176,1.8959661078324828,10.041363461042554
08_JPN,2003.0,4620.407607449468,76400000.0,128.06799999999998,36.077768118885814,596558.0785207859,3.5856768340484066,13.298931881280456
09_ROK,2003.0,1188.3925782685574,47500000.0,48.265,24.62224341175919,984150.0051797369,3.2036502381224268,13.79953360870429
10_MAS,2003.0,446.5540433566179,6693000.0,24.688,18.087898710167607,271103.370058328,2.8952431351240544,12.510255466461974
11_MEX,2003.0,1697.6467150340925,20608000.0,105.64,16.07011278903912,195077.62211283605,2.7769611983333236,12.181152820457285
12_NZ,2003.0,127.99271793122124,1100000.0,4.022,31.823152146002293,273495.7732471407,3.460194079788459,12.519041446418138
14_PE,2003.0,198.0807648499432,1200000.0,26.938,7.35320977243831,44546.7369515183,1.9951369216305257,10.704294185581606
15_RP,2003.0,388.6035865880112,3881000.0,83.03200000000002,4.680166521196781,46741.01551209171,1.5433336907488542,10.752377334688056
16_RUS,2003.0,2563.430021743732,32700000.0,144.585,17.729570991069142,226164.53989003008,2.8752339230121593,12.32901806596344
17_SIN,2003.0,236.56195895819093,3645000.0,4.249,55.674737340124956,857848.905624853,4.019526495397681,13.66218326229222
18_CT,2003.0,712.2631358532608,23830000.0,22.307,31.930028056361717,1068274.5326579101,3.463546885409728,13.881555318520281
19_THA,2003.0,717.4807106901437,11896000.0,64.555,11.11425467725418,184276.97312369297,2.4082284895901624,12.124195193495446
20_USA,2003.0,14446.693008459575,105767000.0,290.027,49.811545161173186,364679.84015281335,3.908246787707705,12.806775097376963
21_VN,2003.0,261.5994130961328,5230000.0,82.74799999999998,3.1613986210679763,63203.94450621165,1.1510145312834126,11.054121991260303
01_AUS,2004.0,810.6955515881316,7500000.0,19.949,40.63840551346591,375958.69467141206,3.7047135680877887,12.837234561740265
03_CDA,2004.0,1335.1799265991315,19314000.0,31.95,41.78966906413557,604507.0422535212,3.7326491574080225,13.312168598685457
04_CHL,2004.0,273.6527961105095,2690000.0,15.974,17.131137855922717,168398.64780267936,2.8408977348773883,12.034089351082825
05_PRC,2004.0,7053.180804275417,296580000.0,1314.007,5.367688912064713,225706.5601629215,1.6803974456921515,12.326991028235778
06_HKC,2004.0,273.57434663627026,5163000.0,6.803,40.213780190543915,758929.8838747612,3.694209727695179,13.539664672498862
07_INA,2004.0,1542.4950647527344,6175000.0,223.615,6.897994610168076,27614.42658140107,1.931230733152801,10.226093617368695
08_JPN,2004.0,4722.273174084665,80500000.0,128.213,36.83146930564502,627861.4493070126,3.6063526239225556,13.350074798987103
09_ROK,2004.0,1246.6219185287914,49100000.0,48.49800000000001,25.704604695632625,1012412.8830054845,3.24667014688825,13.827847032784986
10_MAS,2004.0,476.84575884657096,7709000.0,25.174,18.94199407510014,306228.6486057043,2.9413813660121884,12.632087319572086
11_MEX,2004.0,1764.2044961348734,22298000.0,106.996,16.48850888009714,208400.31403043107,2.802663706776195,12.247216095724086
12_NZ,2004.0,132.17760640940253,1200000.0,4.081,32.38853379304154,294045.57706444495,3.4778044648860766,12.59149005833456
14_PE,2004.0,207.90201168343498,1090000.0,27.273000000000003,7.622997531750631,39966.267003996625,2.0311696692163204,10.595791052397496
15_RP,2004.0,414.6307921697744,3284000.0,84.679,4.896500810942198,38781.75226443392,1.5885208297954039,10.565705112521432
16_RUS,2004.0,2747.380457684711,35200000.0,144.045,19.073070621574587,244368.07941962584,2.9482774250862542,12.406430889810279
17_SIN,2004.0,259.151675529653,3996000.0,4.37,59.302442912964075,914416.47597254,4.0826505009892875,13.726041409643083
18_CT,2004.0,759.2461296294334,26460000.0,22.462,33.80135916790283,1177989.4933665746,3.520501013748621,13.979319724110239
19_THA,2004.0,762.6051428661293,14144000.0,65.002,11.732025827914978,217593.30482139013,2.4623223526057045,12.290383025206518
20_USA,2004.0,14993.607656044644,123822000.0,292.539,51.253363332904826,423266.64137089415,3.9367812418731245,12.955757617287171
21_VN,2004.0,281.31461902517015,6212000.0,83.52799999999998,3.3679079952251967,74370.27104683462,1.214291778674769,11.216811558262906
01_AUS,2005.0,836.5593042414755,7400000.0,20.239,41.33402362969887,365630.7129798903,3.721685977515993,12.809379122090329
03_CDA,2005.0,1377.9241382599414,18014000.0,32.288000000000004,42.67604491637578,557916.253716551,3.7536377538259846,13.231964147154626
04_CHL,2005.0,289.36821232077943,2840000.0,16.147000000000002,17.92086531992193,175884.0651514213,2.885965694323031,12.077580336237904
05_PRC,2005.0,7856.9454854605165,350170000.0,1321.6229999999996,5.9449218767080465,264954.52939302666,1.7825373890485035,12.487313503049466
06_HKC,2005.0,293.7866916008072,4204000.0,6.8279999999999985,43.026756239134045,615700.0585823082,3.761822160303089,13.330515206046785
07_INA,2005.0,1630.3026961719015,7814000.0,226.713,7.191041961298653,34466.48405693542,1.9728360793555435,10.447742654219642
08_JPN,2005.0,4800.789012602317,82900000.0,128.335,37.40825973119037,645965.6368099115,3.6218915284646123,13.378501587557192
09_ROK,2005.0,1295.5353409139439,49000000.0,48.709,26.597453056189693,1005974.2552710997,3.280815461436047,13.821467038132552
10_MAS,2005.0,502.2718381878468,7263000.0,25.66,19.574116842862306,283047.54481683555,2.974208124274782,12.553370165400814
11_MEX,2005.0,1804.9189321539056,22434000.0,108.473,16.639338196176983,206816.44280143446,2.811769662737777,12.239586929100842
12_NZ,2005.0,136.56445663620622,1200000.0,4.136,33.01848564705179,290135.39651837526,3.497067575751986,12.578102977552101
14_PE,2005.0,220.96877853482715,1265000.0,27.61,8.003215448563099,45816.73306772908,2.079843391997568,10.732404654201694
15_RP,2005.0,434.44047409659487,2890000.0,86.275,5.035531429691044,33497.536945812804,1.6165190677092711,10.419227191104548
16_RUS,2005.0,2922.5585740102333,36200000.0,143.618,20.34952842965529,252057.54153379102,3.013057738630194,12.437412679847888
17_SIN,2005.0,278.5599525672356,3440000.0,4.4910000000000005,62.02626421002796,765976.3972389222,4.127557911635815,13.54890663524398
18_CT,2005.0,799.0434095494113,23890000.0,22.603,35.35121043885375,1056939.3443348228,3.5653326333080857,13.87088787847054
19_THA,2005.0,794.5417873692062,15273000.0,65.425,12.144314671290886,233442.8735192969,2.4968611319851357,12.360692673136374
20_USA,2005.0,15495.17622783014,113265000.0,295.13,52.50288424704415,383780.02913970116,3.9608681061274753,12.85782482665187
21_VN,2005.0,302.54613021590774,7653000.0,84.309,3.588538948580908,90773.2270576095,1.277745141550952,11.416119664917023
01_AUS,2006.0,860.2693400261559,7420000.0,20.573,41.81545423740611,360666.8935011909,3.7332659897998632,12.795710078651469
03_CDA,2006.0,1414.0727740391815,20130000.0,32.646,43.31534564844641,616614.5929057158,3.7685069751889766,13.33199946088413
04_CHL,2006.0,307.64811257409536,2770000.0,16.319000000000006,18.85214244586649,169740.79294074385,2.936626565041133,12.042027805014722
05_PRC,2006.0,8856.30801815078,393400000.0,1329.2089999999996,6.6628408460601625,295965.4952682386,1.8965459470667183,12.597998156471649
06_HKC,2006.0,314.44791832091704,2625000.0,6.8610000000000015,45.83120803394796,382597.2890249234,3.824965257194979,12.854738250299107
07_INA,2006.0,1719.9848614411908,7494000.0,229.838,7.483466012761992,32605.57436107171,2.012696055353446,10.39223854540813
08_JPN,2006.0,4868.96053132329,83300000.0,128.433,37.910510003840834,648587.2011087494,3.635228382453865,13.38255173955666
09_ROK,2006.0,1362.594242929638,52210000.0,48.895,27.867762407805255,1067798.3433888946,3.3274705515037573,13.881109463622497
10_MAS,2006.0,530.3229522206193,7883000.0,26.144,20.284690644913532,301522.33782129746,3.0098664461065057,12.616599381364454
11_MEX,2006.0,1886.051444081641,25480000.0,110.092,17.13159397668896,231442.79330014897,2.8409243597693266,12.352088008796631
12_NZ,2006.0,140.0781411805417,1200000.0,4.186,33.46348332072186,286669.8518872432,3.5104547941665856,12.56608649073442
14_PE,2006.0,237.6052947896055,1670000.0,27.95,8.501083892293577,59749.55277280859,2.1401936721071233,10.99791698479183
15_RP,2006.0,457.21801592286016,3675000.0,87.809,5.2069607434643395,41852.2019382979,1.649996334967464,10.641899689546593
16_RUS,2006.0,3160.8473992110235,41520000.0,143.32299999999995,22.054013655945134,289695.30361491186,3.093494610541207,12.576584972424492
17_SIN,2006.0,303.24091066040353,3000000.0,4.612,65.75041428022627,650477.0164787511,4.185865971877967,13.38546124422557
18_CT,2006.0,842.7259354315477,23790000.0,22.726,37.08201775198221,1046818.6218428232,3.6131321553978974,13.861266238783323
19_THA,2006.0,834.0139624971318,15360000.0,65.824,12.670362823546608,233349.5381623724,2.539265630351337,12.360292772213253
20_USA,2006.0,15908.374598924573,134040000.0,297.827,53.414816651695695,450059.9341228297,3.978088172867307,13.017136039817531
21_VN,2006.0,323.65766246732466,7148000.0,85.095,3.8034862502770395,84000.23503143546,1.3359180804301594,11.338574875814816
01_AUS,2007.0,892.7645435396338,8126000.0,20.947,42.62016248339303,387931.44603045785,3.7523274390375128,12.86858391750618
03_CDA,2007.0,1443.2415275242483,18248000.0,33.02,43.708101984380626,552634.7668079952,3.777533485017313,13.222452604454379
04_CHL,2007.0,322.73925082493724,2765000.0,16.491,19.57062948426034,167667.21241889516,2.9740299466679048,12.02973641539194
05_PRC,2007.0,10116.68357784957,435860000.0,1336.8,7.56783630898382,326047.27707959304,2.023907202153056,12.694797671550756
06_HKC,2007.0,334.7764523929912,2707000.0,6.898,48.532393794286925,392432.5891562772,3.882231488272897,12.88012005408179
07_INA,2007.0,1829.1182831950305,8694000.0,232.99,7.850629997832655,37314.90621915104,2.0605937830750722,10.527148156341132
08_JPN,2007.0,4949.502091612902,85900000.0,128.506,38.515727605037135,668451.2785395235,3.6510666670983074,13.412718791102272
09_ROK,2007.0,1437.0381676517136,57404000.0,49.062,29.290248413267165,1170029.7582650525,3.377254641966776,13.972539740865065
10_MAS,2007.0,563.7268597046034,8947000.0,26.626,21.172044606948223,336024.9380304965,3.05268166087753,12.724940656520008
11_MEX,2007.0,1929.2692891964768,25111000.0,111.836,17.25087886902676,224534.13927536752,2.8478630911086036,12.321783042645
12_NZ,2007.0,145.3456649375627,1230000.0,4.2330000000000005,34.33632528645469,290574.06094968104,3.5362038400303555,12.579613765809814
14_PE,2007.0,257.8454351596866,1805000.0,28.293000000000006,9.113400316675026,63796.6988300993,2.209745892638176,11.063456725519261
15_RP,2007.0,487.47058794066453,3950000.0,89.29299999999998,5.459225112166291,44236.39031055067,1.6973068588364326,10.697303039525316
16_RUS,2007.0,3430.628260029958,46959000.0,143.15,23.965269018721326,328040.5169402724,3.176605658032475,12.700892406994345
17_SIN,2007.0,330.8707885577416,3800000.0,4.732,69.92197560391834,803043.1107354184,4.247379986152891,13.596163678580474
18_CT,2007.0,896.0114115471057,21700000.0,22.833,39.24194856335592,950378.8376472649,3.6697462910421432,13.764615960557324
19_THA,2007.0,879.3433934047247,14160000.0,66.196,13.283935485599201,213910.20605474652,2.586555446953415,12.27331160807315
20_USA,2007.0,16191.316215153545,120381000.0,300.595,53.86422334088572,400475.72314908763,3.9864664976194595,12.90040842729647
21_VN,2007.0,346.73285002562307,10833000.0,85.889,4.036987856717659,126127.90927825449,1.3954988338696632,11.745051824016278
01_AUS,2008.0,925.4197882558003,8224000.0,21.343000000000004,43.35940534394416,385325.399428384,3.769523642644916,12.861843449615652
03_CDA,2008.0,1457.6791525111414,16799000.0,33.405,43.63655597997729,502888.7891034276,3.775895238968331,13.128124329414911
04_CHL,2008.0,334.13043129018257,3005000.0,16.660999999999998,20.054644456526177,180361.32284976894,2.998460770644331,12.102717467004513
05_PRC,2008.0,11093.377485365392,465480000.0,1344.415,8.251453223420887,346232.3761636102,2.1103893331277415,12.75486543602181
06_HKC,2008.0,341.90029704887166,1985000.0,6.94,49.26517248542819,286023.05475504324,3.8972173909441574,12.563827697584715
07_INA,2008.0,1939.1160352414565,10587000.0,236.159,8.211061341051819,44829.96625155086,2.1054821892932933,10.710632084339718
08_JPN,2008.0,4895.377276722343,83200000.0,128.55100000000002,38.08120727744119,647213.9462158986,3.6397209131349295,13.380432193035505
09_ROK,2008.0,1477.6951845016947,61011000.0,49.219,30.02286077534478,1239582.27513765,3.4019591173127015,14.030285005937136
10_MAS,2008.0,590.9648444024775,9873000.0,27.111,21.797972940964094,364169.5252849397,3.0818169811122846,12.805374767005658
11_MEX,2008.0,1951.3321153017368,23984000.0,113.662,17.1678495477973,211011.59578399113,2.8430384223246223,12.259668367270393
12_NZ,2008.0,143.09930927677377,1190000.0,4.2780000000000005,33.45004891930195,278167.3679289387,3.510053249033615,12.535978254427498
14_PE,2008.0,281.37787491174305,2514000.0,28.642,9.823960439625132,87773.20019551707,2.284824344485556,11.38251149607582
15_RP,2008.0,507.7140561412066,4134000.0,90.752,5.594521951485439,45552.71509167842,1.7217878960197497,10.726625507754243
16_RUS,2008.0,3610.6660369821284,40896000.0,143.083,25.23476609368079,285820.11839282094,3.2282226506262552,12.563117935257312
17_SIN,2008.0,336.7855017028233,4226000.0,4.851,69.42599499130557,871160.5854462998,4.240261364977892,13.677581607895059
18_CT,2008.0,886.0018956726103,20290000.0,22.929,38.641104961952564,884905.5780888831,3.6543166052592744,13.693236226873141
19_THA,2008.0,894.517940148816,15655000.0,66.546,13.442099301968803,235250.8039551588,2.598391520960511,12.368407474891983
20_USA,2008.0,16144.098862625162,110500000.0,303.374,53.215169601301234,364236.8825278369,3.974343498583696,12.805559711131263
21_VN,2008.0,366.364070697136,9516000.0,86.70700000000002,4.225311343918437,109748.92453896454,1.4410929489623676,11.605950531700016
01_AUS,2009.0,943.2130870983381,5916000.0,21.739,43.38806233489756,272137.63282579696,3.7701843418621417,12.514063220337786
03_CDA,2009.0,1414.6836283574805,10591000.0,33.79,41.86693188391479,313435.92778928677,3.7344963001528058,12.655350241099608
04_CHL,2009.0,328.9038312929066,1960000.0,16.829,19.543872558851184,116465.62481430863,2.9726618132040925,11.665351442475764
05_PRC,2009.0,12136.134243389597,574420000.0,1352.068,8.975979198819584,424845.4959365949,2.194552031355595,12.959480842837523
06_HKC,2009.0,333.49279918602747,1703000.0,6.983,47.75781171216203,243877.98940283546,3.866142649612583,12.404423335780928
07_INA,2009.0,2028.8752185931785,8908000.0,239.34,8.47695837968237,37219.018968830955,2.137351703820936,10.524575172214025
08_JPN,2009.0,4630.223435457253,56000000.0,128.566,36.014369549159596,435573.946455517,3.583918012958609,12.984419857544031
09_ROK,2009.0,1488.15002490979,47303000.0,49.379,30.13730583668746,957957.8363271836,3.4057638009046185,13.772559043799864
10_MAS,2009.0,582.0204217185967,7727000.0,27.605,21.08387689616362,279913.05922840064,3.0485086202433984,12.542234331179714
11_MEX,2009.0,1848.189692427339,17098000.0,115.505,16.000949676874065,148028.22388641184,2.7726480752829836,11.905158236500165
12_NZ,2009.0,145.8411845537174,740000.0,4.324,33.72830355081346,171137.83533765032,3.518337352843218,12.05022456540339
14_PE,2009.0,284.46128023690017,1854000.0,29.001,9.808671433291961,63928.83004034343,2.2832668345681024,11.06552571295736
15_RP,2009.0,513.5443002302829,3993000.0,92.221,5.568626454172942,43298.16419253749,1.7171484264327095,10.675865515690804
16_RUS,2009.0,3328.279997520259,28477000.0,143.093,23.25955845163816,199010.4337738394,3.146716163747746,12.20111253335649
17_SIN,2009.0,334.7533773949502,3540000.0,4.966,67.40905706704595,712847.3620620217,4.210779386739714,13.477022598023982
18_CT,2009.0,881.8826126961783,13530000.0,23.017,38.314402949827446,587826.3891905983,3.64582588162648,13.284186926805415
19_THA,2009.0,888.3392064487839,12501000.0,66.881,13.28238522822302,186914.07126089622,2.5864387384792047,12.138404278254926
20_USA,2009.0,15696.014624210069,69400000.0,306.076,51.28142887456079,226741.07084514954,3.9373286763927178,12.331563988349313
21_VN,2009.0,386.1400278668769,12700000.0,87.565,4.409753073338399,145035.11677039912,1.483818695450847,11.884731176704191
01_AUS,2010.0,962.5767047501646,7716000.0,22.12,43.51612589286458,348824.59312839055,3.7731315795793914,12.762324476353623
03_CDA,2010.0,1458.3055992042996,15656000.0,34.168,42.68044952014457,458206.5090142824,3.753740958715121,13.035075254518883
04_CHL,2010.0,348.12555432630995,2738000.0,16.993,20.486409364227033,161125.16918731245,3.0197617084480535,11.989936790278563
05_PRC,2010.0,13426.950528322639,612063000.0,1359.755,9.874536610141266,450127.4126588981,2.2899593841308326,13.017285960912147
06_HKC,2010.0,356.0625333251474,1929000.0,7.025,50.68505812457614,274590.7473309608,3.9256311556143335,12.523037076668057
07_INA,2010.0,2155.149453705227,10744000.0,242.524,8.8863347697763,44300.7702330491,2.184514677647908,10.698757342632623
08_JPN,2010.0,4824.3103289625205,67400000.0,128.55200000000002,37.52808458026728,524301.4499968883,3.625089574814581,13.169822084143084
09_ROK,2010.0,1584.8320602715658,54573000.0,49.552,31.98321077396605,1101327.8979657732,3.465211101802209,13.912027189681616
10_MAS,2010.0,625.2345498260061,9668000.0,28.112,22.240841982996802,343910.0739897553,3.101930327613448,12.74813548936077
11_MEX,2010.0,1942.7822243964292,20648000.0,117.319,16.559825982120792,175998.7725773319,2.806979640575862,12.078232300003538
12_NZ,2010.0,147.2444059954131,971000.0,4.37,33.69437208133023,222196.79633867275,3.5173308228581717,12.311318738165964
14_PE,2010.0,308.16390008929886,2832000.0,29.374,10.491043102379617,96411.79274188058,2.350521855251024,11.476383804464076
15_RP,2010.0,552.7393609889741,4650000.0,93.727,5.897333329659267,49612.17151941276,1.774500270714966,10.811991476145497
16_RUS,2010.0,3478.176596667829,41444000.0,143.154,24.296747535296458,289506.4056889783,3.190342495104193,12.575932702482616
17_SIN,2010.0,385.77105425048876,3350000.0,5.074,76.02898191771557,660228.6164761529,4.331114608616896,13.400341442624159
18_CT,2010.0,971.6179611200791,21350000.0,23.102,42.05774223530773,924162.4101809367,3.739043489216722,13.736643103772419
19_THA,2010.0,955.08537807565,16378000.0,67.209,14.210676815242751,243687.60136291268,2.653993570478121,12.403642361679369
20_USA,2010.0,16093.425254396423,92400000.0,308.642,52.14269365282892,299375.97604992194,3.953984069097064,12.609455507434017
21_VN,2010.0,410.9427217086322,12293000.0,88.47200000000002,4.64489015404458,138947.91572474904,1.5357677237718792,11.841854434876419
01_AUS,2011.0,986.1704712850284,6672000.0,22.48,43.86879320662938,296797.153024911,3.7812032064028913,12.60080419799523
03_CDA,2011.0,1504.1141717848457,15746000.0,34.539,43.548283730995266,455890.4426879759,3.7738702933599586,13.030007802366912
04_CHL,2011.0,369.39922437467203,3148000.0,17.153,21.53554622367353,183524.74785751765,3.069704882645675,12.120104803091744
05_PRC,2011.0,14707.404013175938,667941000.0,1367.48,10.755114526849342,488446.63176061073,2.375381411370513,13.098985495286222
06_HKC,2011.0,373.2058308314354,1886000.0,7.065,52.82460450551102,266949.7523000708,3.9669770765930905,12.494815726039048
07_INA,2011.0,2288.117524352482,13148000.0,245.707,9.31238232672444,53510.88898566178,2.2313449475694065,10.887640444616457
08_JPN,2011.0,4818.7420453487875,69600000.0,128.506,37.498187207980855,541608.9521111854,3.624292590687385,13.202299529452436
09_ROK,2011.0,1643.1806410741315,58741000.0,49.745,33.032076411179645,1180842.2957081115,3.497479101828257,13.981738551722843
10_MAS,2011.0,658.3339219407883,9578000.0,28.635,22.990533331265524,334485.76916361094,3.1350825369081656,12.720349614038872
11_MEX,2011.0,2013.946491329005,23140000.0,119.09,16.911130164824964,194306.82676967,2.8279719947886597,12.1771937699499
12_NZ,2011.0,151.21381846874078,931000.0,4.418,34.22675836775482,210728.83657763695,3.53300774656054,12.258327451261279
14_PE,2011.0,327.6620229602576,2833000.0,29.76,11.010148620976398,95194.89247311828,2.3988174493697665,11.463681568847763
15_RP,2011.0,572.9682486034266,5940000.0,95.278,6.01364689228811,62343.87791515355,1.7940313685572702,11.040420757276156
16_RUS,2011.0,3661.994244348428,47981000.0,143.264,25.56116152242313,334913.16729953093,3.241074071451134,12.721626575117583
17_SIN,2011.0,410.2701132241721,4900000.0,5.176,79.26393223032692,946676.970633694,4.372783198319792,13.760713205882256
18_CT,2011.0,997.9045914714656,21715000.0,23.185,43.040957147788035,936596.9376752211,3.762152154170104,13.750008306107635
19_THA,2011.0,963.1077081786116,16881000.0,67.53,14.26192371062656,249977.78764993337,2.657593308456099,12.429127343496775
20_USA,2011.0,16351.154165093647,101000000.0,311.052,52.56726902605881,324704.5510075486,3.962093664196399,12.690670974030745
21_VN,2011.0,436.58679166771867,11276000.0,89.43700000000003,4.881500851635437,126077.57415834606,1.5854527241454066,11.744652664411253
01_AUS,2012.0,1024.551634586286,7152000.0,22.822,44.89315724241022,313381.8245552537,3.8042853831878363,12.655177612823
03_CDA,2012.0,1530.3680677607324,17305000.0,34.901,43.84883148794396,495831.0650124638,3.7807480705257057,13.113990552958569
04_CHL,2012.0,389.046194955576,3457000.0,17.31,22.4752279003799,199711.14962449452,3.1124137204789046,12.204627349715643
05_PRC,2012.0,15862.85622206734,687609000.0,1375.1989999999996,11.534953284628147,500006.9080911201,2.4453818417369915,13.122377193491126
06_HKC,2012.0,379.55147867404287,1991000.0,7.106,53.41281715086446,280185.7585139319,3.978050738717354,12.543208085447498
07_INA,2012.0,2426.092170072391,15006000.0,248.883,9.74792239756187,60293.390870408984,2.277054174873852,11.006977772569149
08_JPN,2012.0,4890.786555842008,68800000.0,128.42600000000002,38.082526558812134,535717.0666375967,3.6397555564304884,13.191361439934655
09_ROK,2012.0,1680.8488787002234,56322000.0,49.953,33.64860726483341,1127499.8498588672,3.515971666373374,13.935513217196094
10_MAS,2012.0,694.3675275905579,10374000.0,29.171,23.80335016250927,355627.16396421107,3.1698263339018706,12.781638168805094
11_MEX,2012.0,2087.300921133934,23714000.0,120.829,17.2748340310185,196260.83142292002,2.849250762141214,12.187199826085559
12_NZ,2012.0,154.99328172089247,974000.0,4.467,34.69739908683512,218043.42959480637,3.5466647298737204,12.29244954025469
14_PE,2012.0,347.77956913483155,3130000.0,30.159,11.531535168103437,103783.28193905634,2.4450854709602488,11.550060176424942
15_RP,2012.0,611.2644085884792,6986000.0,96.866,6.310412410840534,72120.24859083683,1.8422010327122165,11.186090124216982
16_RUS,2012.0,3795.8731495318334,49488000.0,143.421,26.466648186331387,345054.0715794758,3.275885381335293,12.75145641294863
17_SIN,2012.0,427.0226631172801,4782000.0,5.271,81.01359573463861,907228.2299373933,4.394616989163228,13.718149329127337
18_CT,2012.0,1016.2307502286644,21332000.0,23.264,43.68254600363929,916953.2324621733,3.7769486173670965,13.728811749351522
19_THA,2012.0,1032.86354426239,19047000.0,67.844,15.224095635021373,280747.0078415188,2.7228794118331145,12.545209214811104
20_USA,2012.0,16714.808878687076,108300000.0,313.336,53.34468072193133,345635.35629484005,3.9767742674709785,12.753139614773197
21_VN,2012.0,459.49610358133737,12740000.0,90.452,5.079999376258539,140848.1846725335,1.6253111388066308,11.855437884847543
01_AUS,2013.0,1051.594494220124,6376000.0,23.151,45.423286001473976,275409.269577988,3.816024881076653,12.526013523308613
03_CDA,2013.0,1568.2447058892649,16445000.0,35.256,44.48164017158115,466445.42772861355,3.7950765236235715,13.05289631006561
04_CHL,2013.0,404.7831302631086,3105000.0,17.463,23.17947261427639,177804.50094485484,3.1432670858959377,12.088439916392009
05_PRC,2013.0,17093.438731536888,772340000.0,1382.793,12.361531141347179,558536.2378895468,2.5145893231069776,13.233074779700814
06_HKC,2013.0,391.32322539044884,2436000.0,7.149,54.73817672268133,340746.95761644986,4.0025613951053325,12.73889542102721
07_INA,2013.0,2560.9165092993153,15237000.0,252.033,10.161036488473,60456.36880884646,2.3185604535289865,11.009677207132631
08_JPN,2013.0,4988.615386495454,70800000.0,128.313,38.8784876551515,551775.7358958173,3.660441081077252,13.220896967155905
09_ROK,2013.0,1729.5297068762252,53919000.0,50.169,34.47407177492526,1074747.3539436704,3.540207498731693,13.887596172335186
10_MAS,2013.0,726.9592126060304,11685000.0,29.706,24.47179736773818,393354.8778024642,3.197521326646709,12.882467480347755
11_MEX,2013.0,2115.5648951196745,22904000.0,122.536,17.26484376117773,186916.49800874846,2.8486722813470693,12.138417261397835
12_NZ,2013.0,158.12106163153197,1016000.0,4.518,34.99802160945816,224878.26471890218,3.555291534447738,12.323314489074752
14_PE,2013.0,368.1334317520608,3235000.0,30.566,12.043886401624707,105836.55041549435,2.488557178627539,11.569651205811493
15_RP,2013.0,654.4442747272374,7796000.0,98.481,6.645386163089706,79162.47804144962,1.8939228038084788,11.279257703438885
16_RUS,2013.0,3863.642941656346,49671000.0,143.59799999999996,26.90596625061872,345903.1462833745,3.2923480557185045,12.753914090817325
17_SIN,2013.0,448.84816404596046,5345000.0,5.3610000000000015,83.72470883155388,997015.482186159,4.427534140997946,13.812521577595883
18_CT,2013.0,1040.1503310095854,22285000.0,23.34,44.56513843228729,954798.6289631533,3.7969519038784796,13.769255737504384
19_THA,2013.0,1060.6205117402114,20732000.0,68.143,15.564628967615329,304242.5487577594,2.7450009660004135,12.625580520024846
20_USA,2013.0,16995.171638175918,106300000.0,315.536,53.861276171897714,336887.07469195273,3.9864117813451867,12.727503063244463
21_VN,2013.0,484.40944466713285,13685000.0,91.497,5.294265873931745,149567.74539055926,1.6666243242914305,11.915504715598189
01_AUS,2014.0,1078.497830754182,7142000.0,23.474,45.94435676723958,304251.51231149357,3.8274310287947655,12.625609981458599
03_CDA,2014.0,1613.0296847757104,17527000.0,35.605,45.303459760587295,492262.32270748494,3.8133834039785124,13.106767029621224
04_CHL,2014.0,411.9345948633689,3031000.0,17.614,23.386771594377702,172079.0280458726,3.152170546032462,12.055709115656672
05_PRC,2014.0,18340.860791136,739980000.0,1390.11,13.193819763282045,532317.5863780564,2.579748520201238,13.184995557085983
06_HKC,2014.0,402.13320325885337,2727000.0,7.194,55.89841579911779,379065.8882402002,4.023536039851023,12.845465316554293
07_INA,2014.0,2689.133107580351,15483000.0,255.131,10.540205257614131,60686.470871826634,2.3551970170805356,11.013476067062115
08_JPN,2014.0,5007.308699948228,72900000.0,128.162,39.07015105841223,568811.3481375134,3.665358775412518,13.251304108287469
09_ROK,2014.0,1787.3210385476584,57834000.0,50.386,35.47257251116696,1147818.8385662683,3.568759792548823,13.953374037282009
10_MAS,2014.0,770.6256311971382,11720000.0,30.228,25.49376840006412,387719.9947068943,3.238434045831512,12.868038694954667
11_MEX,2014.0,2175.758719185878,26073000.0,124.222,17.515083634025196,209890.35758561286,2.863062431632352,12.254340566619247
12_NZ,2014.0,163.72643969532464,1140000.0,4.567,35.84988826260666,249616.8162907817,3.5793404502376105,12.427682286167816
14_PE,2014.0,376.88036629334505,3392000.0,30.973000000000006,12.168029131609627,109514.7386433345,2.4988119490706304,11.603814418663502
15_RP,2014.0,694.6618307962407,8517000.0,100.102,6.939539977185677,85083.215120577,1.9372354866136028,11.35138505798166
16_RUS,2014.0,3892.1798382966963,49423000.0,143.761,27.073961911065563,343785.8668206259,3.298572450917128,12.747774262361716
17_SIN,2014.0,466.28092090956187,4791000.0,5.448,85.58754054874483,879405.2863436122,4.449539718216543,13.687001147018048
18_CT,2014.0,1083.8119337954518,23469000.0,23.414,46.28905500108703,1002349.0219526779,3.8349055400818686,13.817856825277847
19_THA,2014.0,1071.0614092216808,20544000.0,68.417,15.654901694340307,300276.2471315609,2.750784075253083,12.61245815371208
20_USA,2014.0,17431.8104992254,121600000.0,317.719,54.86549592320699,382728.1339800264,4.004884661374061,12.85508018316177
21_VN,2014.0,513.3948328649196,16226000.0,92.545,5.5475156179687675,175330.92009292776,1.7133501911372362,12.074430439228466
01_AUS,2015.0,1103.854786265678,6968000.0,23.8,46.38045320444025,292773.1092436975,3.8368781033285932,12.587153216837047
03_CDA,2015.0,1629.1742165149433,14827000.0,35.949,45.319041322844676,412445.4087735403,3.8137272824242547,12.929859133631673
04_CHL,2015.0,421.430746516965,3215000.0,17.762999999999995,23.725201064964537,180994.2014299387,3.1665378192741813,12.106220273436108
05_PRC,2015.0,19606.41775087468,700351000.0,1397.029,14.034367039535098,501314.5754311471,2.641509110081877,13.124989078095519
06_HKC,2015.0,411.7355237028405,3773000.0,7.246,56.822457038758,520701.0764559757,4.039931617989493,13.162931406473563
07_INA,2015.0,2820.263904987923,13656000.0,258.16200000000003,10.92439594126139,52897.018151393306,2.3909984480353055,10.876102248609156
08_JPN,2015.0,5075.098802516458,67800000.0,127.975,39.6569548936625,529790.9747997656,3.6802663398529822,13.180237820566978
09_ROK,2015.0,1837.191516588236,58125000.0,50.594,36.31243856165229,1148851.6424872514,3.5921603426768547,13.95427342968429
10_MAS,2015.0,809.3727368604573,11629000.0,30.723000000000006,26.344196102609025,378511.2130976792,3.271247988965619,12.84400097651377
11_MEX,2015.0,2246.9163017016667,27707000.0,125.891,17.84810909200552,220087.21830790126,2.881897569393349,12.301779193624306
12_NZ,2015.0,170.98655293276482,1067000.0,4.615,37.050173983264315,231202.60021668472,3.61227304763564,12.351049662329075
14_PE,2015.0,389.1341400587422,4084000.0,31.377,12.401891196058967,130159.03368709565,2.5178489767928443,11.776512317826452
15_RP,2015.0,736.8038304751312,10186000.0,101.716,7.2437357984499124,100141.57064768572,1.9801370675794008,11.514340170279466
16_RUS,2015.0,3782.0996195767134,44746000.0,143.888,26.285024599526807,310977.9828755699,3.2689993701479683,12.647477394043
17_SIN,2015.0,476.73054664205665,5019000.0,5.535,86.13018006179885,906775.0677506775,4.455859873380563,13.71764970247647
18_CT,2015.0,1103.089,21032000.0,23.486,46.96793834624882,895512.2200459848,3.8494652060853465,13.705151146448964
19_THA,2015.0,1103.4093273543838,19403000.0,68.657,16.071330342927652,282607.7457506154,2.7770369605748706,12.551815157740936
20_USA,2015.0,17930.63692674131,108333000.0,319.9290000000001,56.04567553032487,338615.7553707228,4.026166992756201,12.732621278522219
21_VN,2015.0,547.6859563793315,20510000.0,93.572,5.853096614150937,219189.5011328175,1.7669708569473124,12.297691936617042
01_AUS,2016.0,1135.0641886635358,6478000.0,24.125,47.04929279434345,268518.1347150259,3.8511958349799205,12.500673731488362
03_CDA,2016.0,1652.2124138409122,16717000.0,36.29,45.52803565282205,460650.31689170573,3.818328304397117,13.040394502459788
04_CHL,2016.0,426.7655018062101,3172000.0,17.91,23.828336225919045,177107.76102735903,3.17087547020571,12.084513645664256
05_PRC,2016.0,20920.047740183265,708637000.0,1403.5,14.905627175050421,504907.01816886355,2.7017388044098474,13.132129568866986
06_HKC,2016.0,420.64104726063744,3231000.0,7.303,57.598390697061134,442420.92290839384,4.053494628024404,13.000017022168663
07_INA,2016.0,2962.21567254497,15214000.0,261.115,11.344486806751698,58265.51519445455,2.428731882017098,10.972765691231286
08_JPN,2016.0,5122.713069212946,67500000.0,127.749,40.09982911187521,528379.8699011343,3.6913720727541963,13.177570754578232
09_ROK,2016.0,1891.0084557714786,59520000.0,50.791,37.231171974788424,1171861.156504105,3.617146366701234,13.97410377495464
10_MAS,2016.0,843.5270629777016,11925000.0,31.187,27.04739356070483,382370.85965306056,3.297590644298896,12.854146253419584
11_MEX,2016.0,2312.37634966866,28421000.0,127.541,18.13045490994002,222838.1461647627,2.8975931160096122,12.314200984968766
12_NZ,2016.0,176.9222773108214,999000.0,4.6610000000000005,37.95800843398872,214331.68847886717,3.636480507507356,12.275280040240087
14_PE,2016.0,404.5100331057725,3820000.0,31.774,12.730850163837493,120224.08258324416,2.54402819461566,11.697112635284926
15_RP,2016.0,787.4643606627269,11253000.0,103.32,7.621606278191318,108914.05342624856,2.030987145146752,11.598314349504495
16_RUS,2016.0,3773.5932620957897,43424000.0,143.965,26.211879707538564,301628.8681276699,3.2662127319533276,12.616952627139076
17_SIN,2016.0,488.15788014178077,3540000.0,5.622999999999998,86.81449051072042,629557.1758847592,4.463773549100892,13.352771955799893
18_CT,2016.0,1118.8061166549307,21932000.0,23.557,47.49357374262134,931018.3809483381,3.8605944122591036,13.744034299295606
19_THA,2016.0,1139.630758588905,22340000.0,68.86399999999999,16.54900613657216,324407.52788104094,2.8063260478490015,12.689755806506064
20_USA,2016.0,18196.9569462209,102570000.0,322.1790000000001,56.48089089053258,318363.3942621958,4.0339023666181735,12.670948758573578
21_VN,2016.0,581.7016996615882,25088000.0,94.569,6.1510822749694745,265287.77929342596,1.816628046005654,12.488570475338616
