Economy,Year,SteelConsumption
01_AUS,1980,6271000.0
02_BD,1980,-1.0
03_CDA,1980,13306000.0
04_CHL,1980,809000.0
05_PRC,1980,43111000.0
06_HKC,1980,1990000.0
07_INA,1980,2837000.0
08_JPN,1980,79007000.0
09_ROK,1980,6100000.0
10_MAS,1980,1751000.0
11_MEX,1980,10316000.0
12_NZ,1980,612000.0
13_PNG,1980,-1.0
14_PE,1980,615000.0
15_RP,1980,953000.0
16_RUS,1980,-1.0
17_SIN,1980,1793000.0
18_CT,1980,6294000.0
19_THA,1980,1974000.0
20_USA,1980,114015000.0
21_VN,1980,-1.0
01_AUS,1981,6683000.0
02_BD,1981,-1.0
03_CDA,1981,14118000.0
04_CHL,1981,724000.0
05_PRC,1981,39422000.0
06_HKC,1981,2050000.0
07_INA,1981,3013000.0
08_JPN,1981,71136000.0
09_ROK,1981,7480000.0
10_MAS,1981,1738000.0
11_MEX,1981,11309000.0
12_NZ,1981,732000.0
13_PNG,1981,-1.0
14_PE,1981,764000.0
15_RP,1981,957000.0
16_RUS,1981,-1.0
17_SIN,1981,2114000.0
18_CT,1981,5570000.0
19_THA,1981,1839000.0
20_USA,1981,128523000.0
21_VN,1981,-1.0
01_AUS,1982,5850000.0
02_BD,1982,-1.0
03_CDA,1982,9418000.0
04_CHL,1982,334000.0
05_PRC,1982,41152000.0
06_HKC,1982,2154000.0
07_INA,1982,2846000.0
08_JPN,1982,69504000.0
09_ROK,1982,7630000.0
10_MAS,1982,2379000.0
11_MEX,1982,8182000.0
12_NZ,1982,794000.0
13_PNG,1982,-1.0
14_PE,1982,451000.0
15_RP,1982,1442000.0
16_RUS,1982,-1.0
17_SIN,1982,2561000.0
18_CT,1982,5080000.0
19_THA,1982,2430000.0
20_USA,1982,83934000.0
21_VN,1982,-1.0
01_AUS,1983,4811000.0
02_BD,1983,-1.0
03_CDA,1983,10771000.0
04_CHL,1983,462000.0
05_PRC,1983,50389000.0
06_HKC,1983,1903000.0
07_INA,1983,2676000.0
08_JPN,1983,65614000.0
09_ROK,1983,8620000.0
10_MAS,1983,2673000.0
11_MEX,1983,6235000.0
12_NZ,1983,751000.0
13_PNG,1983,-1.0
14_PE,1983,339000.0
15_RP,1983,1557000.0
16_RUS,1983,-1.0
17_SIN,1983,2775000.0
18_CT,1983,5770000.0
19_THA,1983,2901000.0
20_USA,1983,94011000.0
21_VN,1983,-1.0
01_AUS,1984,6054000.0
02_BD,1984,-1.0
03_CDA,1984,13089000.0
04_CHL,1984,628000.0
05_PRC,1984,56067000.0
06_HKC,1984,2485000.0
07_INA,1984,1810000.0
08_JPN,1984,74367000.0
09_ROK,1984,10120000.0
10_MAS,1984,2408000.0
11_MEX,1984,7261000.0
12_NZ,1984,794000.0
13_PNG,1984,-1.0
14_PE,1984,471000.0
15_RP,1984,912000.0
16_RUS,1984,-1.0
17_SIN,1984,2282000.0
18_CT,1984,6090000.0
19_THA,1984,2417000.0
20_USA,1984,111152000.0
21_VN,1984,-1.0
01_AUS,1985,5740000.0
02_BD,1985,-1.0
03_CDA,1985,13185000.0
04_CHL,1985,570000.0
05_PRC,1985,71528000.0
06_HKC,1985,2873000.0
07_INA,1985,2181000.0
08_JPN,1985,73377000.0
09_ROK,1985,10910000.0
10_MAS,1985,2305000.0
11_MEX,1985,7564000.0
12_NZ,1985,680000.0
13_PNG,1985,-1.0
14_PE,1985,533000.0
15_RP,1985,1001000.0
16_RUS,1985,-1.0
17_SIN,1985,1914000.0
18_CT,1985,6320000.0
19_THA,1985,2907000.0
20_USA,1985,105095000.0
21_VN,1985,-1.0
01_AUS,1986,5925000.0
02_BD,1986,-1.0
03_CDA,1986,12539000.0
04_CHL,1986,632000.0
05_PRC,1986,75716000.0
06_HKC,1986,2388000.0
07_INA,1986,2838000.0
08_JPN,1986,69941000.0
09_ROK,1986,11600000.0
10_MAS,1986,2146000.0
11_MEX,1986,6694000.0
12_NZ,1986,607000.0
13_PNG,1986,-1.0
14_PE,1986,550000.0
15_RP,1986,1237000.0
16_RUS,1986,-1.0
17_SIN,1986,1937000.0
18_CT,1986,7840000.0
19_THA,1986,2135000.0
20_USA,1986,94872000.0
21_VN,1986,-1.0
01_AUS,1987,5441000.0
02_BD,1987,-1.0
03_CDA,1987,13395000.0
04_CHL,1987,818000.0
05_PRC,1987,69723000.0
06_HKC,1987,1737000.0
07_INA,1987,2576000.0
08_JPN,1987,75751000.0
09_ROK,1987,15048000.0
10_MAS,1987,1668000.0
11_MEX,1987,6429000.0
12_NZ,1987,864000.0
13_PNG,1987,-1.0
14_PE,1987,581000.0
15_RP,1987,1624000.0
16_RUS,1987,-1.0
17_SIN,1987,2216000.0
18_CT,1987,9401000.0
19_THA,1987,3109000.0
20_USA,1987,100518000.0
21_VN,1987,306000.0
01_AUS,1988,6419000.0
02_BD,1988,-1.0
03_CDA,1988,15244000.0
04_CHL,1988,1026000.0
05_PRC,1988,69177000.0
06_HKC,1988,2861000.0
07_INA,1988,2690000.0
08_JPN,1988,86871000.0
09_ROK,1988,15825000.0
10_MAS,1988,1847000.0
11_MEX,1988,6871000.0
12_NZ,1988,671000.0
13_PNG,1988,-1.0
14_PE,1988,567000.0
15_RP,1988,2112000.0
16_RUS,1988,-1.0
17_SIN,1988,2545000.0
18_CT,1988,11630000.0
19_THA,1988,4094000.0
20_USA,1988,110295000.0
21_VN,1988,126000.0
01_AUS,1989,6831000.0
02_BD,1989,-1.0
03_CDA,1989,13985000.0
04_CHL,1989,1008000.0
05_PRC,1989,70318000.0
06_HKC,1989,1897000.0
07_INA,1989,3085000.0
08_JPN,1989,93278000.0
09_ROK,1989,18267000.0
10_MAS,1989,2377000.0
11_MEX,1989,7285000.0
12_NZ,1989,686000.0
13_PNG,1989,-1.0
14_PE,1989,452000.0
15_RP,1989,2435000.0
16_RUS,1989,-1.0
17_SIN,1989,3021000.0
18_CT,1989,14100000.0
19_THA,1989,5083000.0
20_USA,1989,101986000.0
21_VN,1989,194000.0
01_AUS,1990,5511000.0
02_BD,1990,-1.0
03_CDA,1990,11222000.0
04_CHL,1990,930000.0
05_PRC,1990,68634000.0
06_HKC,1990,2026000.0
07_INA,1990,4690000.0
08_JPN,1990,99032000.0
09_ROK,1990,21478000.0
10_MAS,1990,2938000.0
11_MEX,1990,8257000.0
12_NZ,1990,680000.0
13_PNG,1990,-1.0
14_PE,1990,425000.0
15_RP,1990,2316000.0
16_RUS,1990,-1.0
17_SIN,1990,3453000.0
18_CT,1990,15350000.0
19_THA,1990,6783000.0
20_USA,1990,103052000.0
21_VN,1990,215000.0
01_AUS,1991,5294000.0
02_BD,1991,-1.0
03_CDA,1991,10688000.0
04_CHL,1991,1131000.0
05_PRC,1991,70863000.0
06_HKC,1991,2301000.0
07_INA,1991,4479000.0
08_JPN,1991,99151000.0
09_ROK,1991,26068000.0
10_MAS,1991,4137000.0
11_MEX,1991,9072000.0
12_NZ,1991,538000.0
13_PNG,1991,-1.0
14_PE,1991,552000.0
15_RP,1991,2076000.0
16_RUS,1991,-1.0
17_SIN,1991,3631000.0
18_CT,1991,18920000.0
19_THA,1991,7114000.0
20_USA,1991,89599000.0
21_VN,1991,263000.0
01_AUS,1992,5120000.0
02_BD,1992,-1.0
03_CDA,1992,11160000.0
04_CHL,1992,1440000.0
05_PRC,1992,85856000.0
06_HKC,1992,2233000.0
07_INA,1992,4452000.0
08_JPN,1992,84040000.0
09_ROK,1992,23238000.0
10_MAS,1992,4532000.0
11_MEX,1992,9431000.0
12_NZ,1992,619000.0
13_PNG,1992,-1.0
14_PE,1992,508000.0
15_RP,1992,2666000.0
16_RUS,1992,59057000.0
17_SIN,1992,3399000.0
18_CT,1992,21300000.0
19_THA,1992,8568000.0
20_USA,1992,97372000.0
21_VN,1992,485000.0
01_AUS,1993,5757000.0
02_BD,1993,-1.0
03_CDA,1993,12714000.0
04_CHL,1993,1607000.0
05_PRC,1993,129420000.0
06_HKC,1993,4091000.0
07_INA,1993,5833000.0
08_JPN,1993,80589000.0
09_ROK,1993,26710000.0
10_MAS,1993,5592000.0
11_MEX,1993,8745000.0
12_NZ,1993,726000.0
13_PNG,1993,-1.0
14_PE,1993,634000.0
15_RP,1993,3069000.0
16_RUS,1993,39747000.0
17_SIN,1993,4156000.0
18_CT,1993,25110000.0
19_THA,1993,8055000.0
20_USA,1993,104356000.0
21_VN,1993,899000.0
01_AUS,1994,6326000.0
02_BD,1994,-1.0
03_CDA,1994,15324000.0
04_CHL,1994,1549000.0
05_PRC,1994,118515000.0
06_HKC,1994,4474000.0
07_INA,1994,5281000.0
08_JPN,1994,79333000.0
09_ROK,1994,32188000.0
10_MAS,1994,5302000.0
11_MEX,1994,11101000.0
12_NZ,1994,844000.0
13_PNG,1994,-1.0
14_PE,1994,815000.0
15_RP,1994,3114000.0
16_RUS,1994,21037000.0
17_SIN,1994,4089000.0
18_CT,1994,22980000.0
19_THA,1994,11375000.0
20_USA,1994,117471000.0
21_VN,1994,552000.0
01_AUS,1995,6256000.0
02_BD,1995,-1.0
03_CDA,1995,15047000.0
04_CHL,1995,1683000.0
05_PRC,1995,99944000.0
06_HKC,1995,3404000.0
07_INA,1995,7262000.0
08_JPN,1995,84340000.0
09_ROK,1995,37306000.0
10_MAS,1995,8313000.0
11_MEX,1995,8423000.0
12_NZ,1995,908000.0
13_PNG,1995,-1.0
14_PE,1995,1152000.0
15_RP,1995,4686000.0
16_RUS,1995,21894000.0
17_SIN,1995,4993000.0
18_CT,1995,24090000.0
19_THA,1995,11958000.0
20_USA,1995,112583000.0
21_VN,1995,752000.0
01_AUS,1996,6400000.0
02_BD,1996,-1.0
03_CDA,1996,15300000.0
04_CHL,1996,2159000.0
05_PRC,1996,111934000.0
06_HKC,1996,4563000.0
07_INA,1996,7675000.0
08_JPN,1996,84400000.0
09_ROK,1996,39400000.0
10_MAS,1996,8705000.0
11_MEX,1996,11924000.0
12_NZ,1996,916000.0
13_PNG,1996,-1.0
14_PE,1996,856000.0
15_RP,1996,4992000.0
16_RUS,1996,19600000.0
17_SIN,1996,4872000.0
18_CT,1996,21610000.0
19_THA,1996,9684000.0
20_USA,1996,119867000.0
21_VN,1996,1703000.0
01_AUS,1997,6500000.0
02_BD,1997,-1.0
03_CDA,1997,17700000.0
04_CHL,1997,2321000.0
05_PRC,1997,114721000.0
06_HKC,1997,5116000.0
07_INA,1997,7486000.0
08_JPN,1997,85500000.0
09_ROK,1997,39900000.0
10_MAS,1997,8848000.0
11_MEX,1997,14438000.0
12_NZ,1997,780000.0
13_PNG,1997,-1.0
14_PE,1997,1160000.0
15_RP,1997,4601000.0
16_RUS,1997,18600000.0
17_SIN,1997,5611000.0
18_CT,1997,25240000.0
19_THA,1997,8366000.0
20_USA,1997,124017000.0
21_VN,1997,1720000.0
01_AUS,1998,6600000.0
02_BD,1998,-1.0
03_CDA,1998,18200000.0
04_CHL,1998,2214000.0
05_PRC,1998,122939000.0
06_HKC,1998,4961000.0
07_INA,1998,3626000.0
08_JPN,1998,72500000.0
09_ROK,1998,25800000.0
10_MAS,1998,4471000.0
11_MEX,1998,16832000.0
12_NZ,1998,740000.0
13_PNG,1998,-1.0
14_PE,1998,1436000.0
15_RP,1998,3257000.0
16_RUS,1998,18400000.0
17_SIN,1998,4820000.0
18_CT,1998,24220000.0
19_THA,1998,4187000.0
20_USA,1998,135145000.0
21_VN,1998,2123000.0
01_AUS,1999,6600000.0
02_BD,1999,-1.0
03_CDA,1999,18200000.0
04_CHL,1999,1737000.0
05_PRC,1999,136181000.0
06_HKC,1999,5037000.0
07_INA,1999,3546000.0
08_JPN,1999,71000000.0
09_ROK,1999,35200000.0
10_MAS,1999,6158000.0
11_MEX,1999,17623000.0
12_NZ,1999,830000.0
13_PNG,1999,-1.0
14_PE,1999,929000.0
15_RP,1999,3589000.0
16_RUS,1999,21589000.0
17_SIN,1999,3706000.0
18_CT,1999,24470000.0
19_THA,1999,6909000.0
20_USA,1999,127857000.0
21_VN,1999,2538000.0
01_AUS,2000,6100000.0
02_BD,2000,-1.0
03_CDA,2000,19800000.0
04_CHL,2000,1977000.0
05_PRC,2000,138086000.0
06_HKC,2000,5223000.0
07_INA,2000,5287000.0
08_JPN,2000,79600000.0
09_ROK,2000,40000000.0
10_MAS,2000,6761000.0
11_MEX,2000,19800000.0
12_NZ,2000,960000.0
13_PNG,2000,-1.0
14_PE,2000,1098000.0
15_RP,2000,3309000.0
16_RUS,2000,29412000.0
17_SIN,2000,3730000.0
18_CT,2000,25300000.0
19_THA,2000,7177000.0
20_USA,2000,133262000.0
21_VN,2000,2934000.0
01_AUS,2001,6000000.0
02_BD,2001,-1.0
03_CDA,2001,16900000.0
04_CHL,2001,2278000.0
05_PRC,2001,170648000.0
06_HKC,2001,5057000.0
07_INA,2001,5457000.0
08_JPN,2001,75200000.0
09_ROK,2001,39700000.0
10_MAS,2001,8024000.0
11_MEX,2001,18790000.0
12_NZ,2001,1000000.0
13_PNG,2001,-1.0
14_PE,2001,1023000.0
15_RP,2001,3386000.0
16_RUS,2001,31861000.0
17_SIN,2001,3547000.0
18_CT,2001,20910000.0
19_THA,2001,8178000.0
20_USA,2001,114386000.0
21_VN,2001,4036000.0
01_AUS,2002,6800000.0
02_BD,2002,-1.0
03_CDA,2002,17671000.0
04_CHL,2002,2270000.0
05_PRC,2002,205720000.0
06_HKC,2002,4966000.0
07_INA,2002,5248000.0
08_JPN,2002,73600000.0
09_ROK,2002,45400000.0
10_MAS,2002,7640000.0
11_MEX,2002,19673000.0
12_NZ,2002,1100000.0
13_PNG,2002,-1.0
14_PE,2002,1310000.0
15_RP,2002,4041000.0
16_RUS,2002,29260000.0
17_SIN,2002,3781000.0
18_CT,2002,24470000.0
19_THA,2002,10806000.0
20_USA,2002,118257000.0
21_VN,2002,5234000.0
01_AUS,2003,7000000.0
02_BD,2003,-1.0
03_CDA,2003,17233000.0
04_CHL,2003,2290000.0
05_PRC,2003,258570000.0
06_HKC,2003,4851000.0
07_INA,2003,5063000.0
08_JPN,2003,76400000.0
09_ROK,2003,47500000.0
10_MAS,2003,6693000.0
11_MEX,2003,20608000.0
12_NZ,2003,1100000.0
13_PNG,2003,-1.0
14_PE,2003,1200000.0
15_RP,2003,3881000.0
16_RUS,2003,32700000.0
17_SIN,2003,3645000.0
18_CT,2003,23830000.0
19_THA,2003,11896000.0
20_USA,2003,105767000.0
21_VN,2003,5230000.0
01_AUS,2004,7500000.0
02_BD,2004,-1.0
03_CDA,2004,19314000.0
04_CHL,2004,2690000.0
05_PRC,2004,296580000.0
06_HKC,2004,5163000.0
07_INA,2004,6175000.0
08_JPN,2004,80500000.0
09_ROK,2004,49100000.0
10_MAS,2004,7709000.0
11_MEX,2004,22298000.0
12_NZ,2004,1200000.0
13_PNG,2004,-1.0
14_PE,2004,1090000.0
15_RP,2004,3284000.0
16_RUS,2004,35200000.0
17_SIN,2004,3996000.0
18_CT,2004,26460000.0
19_THA,2004,14144000.0
20_USA,2004,123822000.0
21_VN,2004,6212000.0
01_AUS,2005,7400000.0
02_BD,2005,-1.0
03_CDA,2005,18014000.0
04_CHL,2005,2840000.0
05_PRC,2005,350170000.0
06_HKC,2005,4204000.0
07_INA,2005,7814000.0
08_JPN,2005,82900000.0
09_ROK,2005,49000000.0
10_MAS,2005,7263000.0
11_MEX,2005,22434000.0
12_NZ,2005,1200000.0
13_PNG,2005,-1.0
14_PE,2005,1265000.0
15_RP,2005,2890000.0
16_RUS,2005,36200000.0
17_SIN,2005,3440000.0
18_CT,2005,23890000.0
19_THA,2005,15273000.0
20_USA,2005,113265000.0
21_VN,2005,7653000.0
01_AUS,2006,7420000.0
02_BD,2006,-1.0
03_CDA,2006,20130000.0
04_CHL,2006,2770000.0
05_PRC,2006,393400000.0
06_HKC,2006,2625000.0
07_INA,2006,7494000.0
08_JPN,2006,83300000.0
09_ROK,2006,52210000.0
10_MAS,2006,7883000.0
11_MEX,2006,25480000.0
12_NZ,2006,1200000.0
13_PNG,2006,-1.0
14_PE,2006,1670000.0
15_RP,2006,3675000.0
16_RUS,2006,41520000.0
17_SIN,2006,3000000.0
18_CT,2006,23790000.0
19_THA,2006,15360000.0
20_USA,2006,134040000.0
21_VN,2006,7148000.0
01_AUS,2007,8126000.0
02_BD,2007,-1.0
03_CDA,2007,18248000.0
04_CHL,2007,2765000.0
05_PRC,2007,435860000.0
06_HKC,2007,2707000.0
07_INA,2007,8694000.0
08_JPN,2007,85900000.0
09_ROK,2007,57404000.0
10_MAS,2007,8947000.0
11_MEX,2007,25111000.0
12_NZ,2007,1230000.0
13_PNG,2007,-1.0
14_PE,2007,1805000.0
15_RP,2007,3950000.0
16_RUS,2007,46959000.0
17_SIN,2007,3800000.0
18_CT,2007,21700000.0
19_THA,2007,14160000.0
20_USA,2007,120381000.0
21_VN,2007,10833000.0
01_AUS,2008,8224000.0
02_BD,2008,-1.0
03_CDA,2008,16799000.0
04_CHL,2008,3005000.0
05_PRC,2008,465480000.0
06_HKC,2008,1985000.0
07_INA,2008,10587000.0
08_JPN,2008,83200000.0
09_ROK,2008,61011000.0
10_MAS,2008,9873000.0
11_MEX,2008,23984000.0
12_NZ,2008,1190000.0
13_PNG,2008,-1.0
14_PE,2008,2514000.0
15_RP,2008,4134000.0
16_RUS,2008,40896000.0
17_SIN,2008,4226000.0
18_CT,2008,20290000.0
19_THA,2008,15655000.0
20_USA,2008,110500000.0
21_VN,2008,9516000.0
01_AUS,2009,5916000.0
02_BD,2009,-1.0
03_CDA,2009,10591000.0
04_CHL,2009,1960000.0
05_PRC,2009,574420000.0
06_HKC,2009,1703000.0
07_INA,2009,8908000.0
08_JPN,2009,56000000.0
09_ROK,2009,47303000.0
10_MAS,2009,7727000.0
11_MEX,2009,17098000.0
12_NZ,2009,740000.0
13_PNG,2009,-1.0
14_PE,2009,1854000.0
15_RP,2009,3993000.0
16_RUS,2009,28477000.0
17_SIN,2009,3540000.0
18_CT,2009,13530000.0
19_THA,2009,12501000.0
20_USA,2009,69400000.0
21_VN,2009,12700000.0
01_AUS,2010,7716000.0
02_BD,2010,-1.0
03_CDA,2010,15656000.0
04_CHL,2010,2738000.0
05_PRC,2010,612063000.0
06_HKC,2010,1929000.0
07_INA,2010,10744000.0
08_JPN,2010,67400000.0
09_ROK,2010,54573000.0
10_MAS,2010,9668000.0
11_MEX,2010,20648000.0
12_NZ,2010,971000.0
13_PNG,2010,-1.0
14_PE,2010,2832000.0
15_RP,2010,4650000.0
16_RUS,2010,41444000.0
17_SIN,2010,3350000.0
18_CT,2010,21350000.0
19_THA,2010,16378000.0
20_USA,2010,92400000.0
21_VN,2010,12293000.0
01_AUS,2011,6672000.0
02_BD,2011,-1.0
03_CDA,2011,15746000.0
04_CHL,2011,3148000.0
05_PRC,2011,667941000.0
06_HKC,2011,1886000.0
07_INA,2011,13148000.0
08_JPN,2011,69600000.0
09_ROK,2011,58741000.0
10_MAS,2011,9578000.0
11_MEX,2011,23140000.0
12_NZ,2011,931000.0
13_PNG,2011,-1.0
14_PE,2011,2833000.0
15_RP,2011,5940000.0
16_RUS,2011,47981000.0
17_SIN,2011,4900000.0
18_CT,2011,21715000.0
19_THA,2011,16881000.0
20_USA,2011,101000000.0
21_VN,2011,11276000.0
01_AUS,2012,7152000.0
02_BD,2012,-1.0
03_CDA,2012,17305000.0
04_CHL,2012,3457000.0
05_PRC,2012,687609000.0
06_HKC,2012,1991000.0
07_INA,2012,15006000.0
08_JPN,2012,68800000.0
09_ROK,2012,56322000.0
10_MAS,2012,10374000.0
11_MEX,2012,23714000.0
12_NZ,2012,974000.0
13_PNG,2012,-1.0
14_PE,2012,3130000.0
15_RP,2012,6986000.0
16_RUS,2012,49488000.0
17_SIN,2012,4782000.0
18_CT,2012,21332000.0
19_THA,2012,19047000.0
20_USA,2012,108300000.0
21_VN,2012,12740000.0
01_AUS,2013,6376000.0
02_BD,2013,-1.0
03_CDA,2013,16445000.0
04_CHL,2013,3105000.0
05_PRC,2013,772340000.0
06_HKC,2013,2436000.0
07_INA,2013,15237000.0
08_JPN,2013,70800000.0
09_ROK,2013,53919000.0
10_MAS,2013,11685000.0
11_MEX,2013,22904000.0
12_NZ,2013,1016000.0
13_PNG,2013,-1.0
14_PE,2013,3235000.0
15_RP,2013,7796000.0
16_RUS,2013,49671000.0
17_SIN,2013,5345000.0
18_CT,2013,22285000.0
19_THA,2013,20732000.0
20_USA,2013,106300000.0
21_VN,2013,13685000.0
01_AUS,2014,7142000.0
02_BD,2014,-1.0
03_CDA,2014,17527000.0
04_CHL,2014,3031000.0
05_PRC,2014,739980000.0
06_HKC,2014,2727000.0
07_INA,2014,15483000.0
08_JPN,2014,72900000.0
09_ROK,2014,57834000.0
10_MAS,2014,11720000.0
11_MEX,2014,26073000.0
12_NZ,2014,1140000.0
13_PNG,2014,-1.0
14_PE,2014,3392000.0
15_RP,2014,8517000.0
16_RUS,2014,49423000.0
17_SIN,2014,4791000.0
18_CT,2014,23469000.0
19_THA,2014,20544000.0
20_USA,2014,121600000.0
21_VN,2014,16226000.0
01_AUS,2015,6968000.0
02_BD,2015,-1.0
03_CDA,2015,14827000.0
04_CHL,2015,3215000.0
05_PRC,2015,700351000.0
06_HKC,2015,3773000.0
07_INA,2015,13656000.0
08_JPN,2015,67800000.0
09_ROK,2015,58125000.0
10_MAS,2015,11629000.0
11_MEX,2015,27707000.0
12_NZ,2015,1067000.0
13_PNG,2015,-1.0
14_PE,2015,4084000.0
15_RP,2015,10186000.0
16_RUS,2015,44746000.0
17_SIN,2015,5019000.0
18_CT,2015,21032000.0
19_THA,2015,19403000.0
20_USA,2015,108333000.0
21_VN,2015,20510000.0
01_AUS,2016,6478000.0
02_BD,2016,-1.0
03_CDA,2016,16717000.0
04_CHL,2016,3172000.0
05_PRC,2016,708637000.0
06_HKC,2016,3231000.0
07_INA,2016,15214000.0
08_JPN,2016,67500000.0
09_ROK,2016,59520000.0
10_MAS,2016,11925000.0
11_MEX,2016,28421000.0
12_NZ,2016,999000.0
13_PNG,2016,-1.0
14_PE,2016,3820000.0
15_RP,2016,11253000.0
16_RUS,2016,43424000.0
17_SIN,2016,3540000.0
18_CT,2016,21932000.0
19_THA,2016,22340000.0
20_USA,2016,102570000.0
21_VN,2016,25088000.0
01_AUS,2017,
02_BD,2017,
03_CDA,2017,
04_CHL,2017,
05_PRC,2017,
06_HKC,2017,
07_INA,2017,
08_JPN,2017,
09_ROK,2017,
10_MAS,2017,
11_MEX,2017,
12_NZ,2017,
13_PNG,2017,
14_PE,2017,
15_RP,2017,
16_RUS,2017,
17_SIN,2017,
18_CT,2017,
19_THA,2017,
20_USA,2017,
21_VN,2017,
01_AUS,2018,
02_BD,2018,
03_CDA,2018,
04_CHL,2018,
05_PRC,2018,
06_HKC,2018,
07_INA,2018,
08_JPN,2018,
09_ROK,2018,
10_MAS,2018,
11_MEX,2018,
12_NZ,2018,
13_PNG,2018,
14_PE,2018,
15_RP,2018,
16_RUS,2018,
17_SIN,2018,
18_CT,2018,
19_THA,2018,
20_USA,2018,
21_VN,2018,
01_AUS,2019,
02_BD,2019,
03_CDA,2019,
04_CHL,2019,
05_PRC,2019,
06_HKC,2019,
07_INA,2019,
08_JPN,2019,
09_ROK,2019,
10_MAS,2019,
11_MEX,2019,
12_NZ,2019,
13_PNG,2019,
14_PE,2019,
15_RP,2019,
16_RUS,2019,
17_SIN,2019,
18_CT,2019,
19_THA,2019,
20_USA,2019,
21_VN,2019,
01_AUS,2020,
02_BD,2020,
03_CDA,2020,
04_CHL,2020,
05_PRC,2020,
06_HKC,2020,
07_INA,2020,
08_JPN,2020,
09_ROK,2020,
10_MAS,2020,
11_MEX,2020,
12_NZ,2020,
13_PNG,2020,
14_PE,2020,
15_RP,2020,
16_RUS,2020,
17_SIN,2020,
18_CT,2020,
19_THA,2020,
20_USA,2020,
21_VN,2020,
01_AUS,2021,
02_BD,2021,
03_CDA,2021,
04_CHL,2021,
05_PRC,2021,
06_HKC,2021,
07_INA,2021,
08_JPN,2021,
09_ROK,2021,
10_MAS,2021,
11_MEX,2021,
12_NZ,2021,
13_PNG,2021,
14_PE,2021,
15_RP,2021,
16_RUS,2021,
17_SIN,2021,
18_CT,2021,
19_THA,2021,
20_USA,2021,
21_VN,2021,
01_AUS,2022,
02_BD,2022,
03_CDA,2022,
04_CHL,2022,
05_PRC,2022,
06_HKC,2022,
07_INA,2022,
08_JPN,2022,
09_ROK,2022,
10_MAS,2022,
11_MEX,2022,
12_NZ,2022,
13_PNG,2022,
14_PE,2022,
15_RP,2022,
16_RUS,2022,
17_SIN,2022,
18_CT,2022,
19_THA,2022,
20_USA,2022,
21_VN,2022,
01_AUS,2023,
02_BD,2023,
03_CDA,2023,
04_CHL,2023,
05_PRC,2023,
06_HKC,2023,
07_INA,2023,
08_JPN,2023,
09_ROK,2023,
10_MAS,2023,
11_MEX,2023,
12_NZ,2023,
13_PNG,2023,
14_PE,2023,
15_RP,2023,
16_RUS,2023,
17_SIN,2023,
18_CT,2023,
19_THA,2023,
20_USA,2023,
21_VN,2023,
01_AUS,2024,
02_BD,2024,
03_CDA,2024,
04_CHL,2024,
05_PRC,2024,
06_HKC,2024,
07_INA,2024,
08_JPN,2024,
09_ROK,2024,
10_MAS,2024,
11_MEX,2024,
12_NZ,2024,
13_PNG,2024,
14_PE,2024,
15_RP,2024,
16_RUS,2024,
17_SIN,2024,
18_CT,2024,
19_THA,2024,
20_USA,2024,
21_VN,2024,
01_AUS,2025,
02_BD,2025,
03_CDA,2025,
04_CHL,2025,
05_PRC,2025,
06_HKC,2025,
07_INA,2025,
08_JPN,2025,
09_ROK,2025,
10_MAS,2025,
11_MEX,2025,
12_NZ,2025,
13_PNG,2025,
14_PE,2025,
15_RP,2025,
16_RUS,2025,
17_SIN,2025,
18_CT,2025,
19_THA,2025,
20_USA,2025,
21_VN,2025,
01_AUS,2026,
02_BD,2026,
03_CDA,2026,
04_CHL,2026,
05_PRC,2026,
06_HKC,2026,
07_INA,2026,
08_JPN,2026,
09_ROK,2026,
10_MAS,2026,
11_MEX,2026,
12_NZ,2026,
13_PNG,2026,
14_PE,2026,
15_RP,2026,
16_RUS,2026,
17_SIN,2026,
18_CT,2026,
19_THA,2026,
20_USA,2026,
21_VN,2026,
01_AUS,2027,
02_BD,2027,
03_CDA,2027,
04_CHL,2027,
05_PRC,2027,
06_HKC,2027,
07_INA,2027,
08_JPN,2027,
09_ROK,2027,
10_MAS,2027,
11_MEX,2027,
12_NZ,2027,
13_PNG,2027,
14_PE,2027,
15_RP,2027,
16_RUS,2027,
17_SIN,2027,
18_CT,2027,
19_THA,2027,
20_USA,2027,
21_VN,2027,
01_AUS,2028,
02_BD,2028,
03_CDA,2028,
04_CHL,2028,
05_PRC,2028,
06_HKC,2028,
07_INA,2028,
08_JPN,2028,
09_ROK,2028,
10_MAS,2028,
11_MEX,2028,
12_NZ,2028,
13_PNG,2028,
14_PE,2028,
15_RP,2028,
16_RUS,2028,
17_SIN,2028,
18_CT,2028,
19_THA,2028,
20_USA,2028,
21_VN,2028,
01_AUS,2029,
02_BD,2029,
03_CDA,2029,
04_CHL,2029,
05_PRC,2029,
06_HKC,2029,
07_INA,2029,
08_JPN,2029,
09_ROK,2029,
10_MAS,2029,
11_MEX,2029,
12_NZ,2029,
13_PNG,2029,
14_PE,2029,
15_RP,2029,
16_RUS,2029,
17_SIN,2029,
18_CT,2029,
19_THA,2029,
20_USA,2029,
21_VN,2029,
01_AUS,2030,
02_BD,2030,
03_CDA,2030,
04_CHL,2030,
05_PRC,2030,
06_HKC,2030,
07_INA,2030,
08_JPN,2030,
09_ROK,2030,
10_MAS,2030,
11_MEX,2030,
12_NZ,2030,
13_PNG,2030,
14_PE,2030,
15_RP,2030,
16_RUS,2030,
17_SIN,2030,
18_CT,2030,
19_THA,2030,
20_USA,2030,
21_VN,2030,
01_AUS,2031,
02_BD,2031,
03_CDA,2031,
04_CHL,2031,
05_PRC,2031,
06_HKC,2031,
07_INA,2031,
08_JPN,2031,
09_ROK,2031,
10_MAS,2031,
11_MEX,2031,
12_NZ,2031,
13_PNG,2031,
14_PE,2031,
15_RP,2031,
16_RUS,2031,
17_SIN,2031,
18_CT,2031,
19_THA,2031,
20_USA,2031,
21_VN,2031,
01_AUS,2032,
02_BD,2032,
03_CDA,2032,
04_CHL,2032,
05_PRC,2032,
06_HKC,2032,
07_INA,2032,
08_JPN,2032,
09_ROK,2032,
10_MAS,2032,
11_MEX,2032,
12_NZ,2032,
13_PNG,2032,
14_PE,2032,
15_RP,2032,
16_RUS,2032,
17_SIN,2032,
18_CT,2032,
19_THA,2032,
20_USA,2032,
21_VN,2032,
01_AUS,2033,
02_BD,2033,
03_CDA,2033,
04_CHL,2033,
05_PRC,2033,
06_HKC,2033,
07_INA,2033,
08_JPN,2033,
09_ROK,2033,
10_MAS,2033,
11_MEX,2033,
12_NZ,2033,
13_PNG,2033,
14_PE,2033,
15_RP,2033,
16_RUS,2033,
17_SIN,2033,
18_CT,2033,
19_THA,2033,
20_USA,2033,
21_VN,2033,
01_AUS,2034,
02_BD,2034,
03_CDA,2034,
04_CHL,2034,
05_PRC,2034,
06_HKC,2034,
07_INA,2034,
08_JPN,2034,
09_ROK,2034,
10_MAS,2034,
11_MEX,2034,
12_NZ,2034,
13_PNG,2034,
14_PE,2034,
15_RP,2034,
16_RUS,2034,
17_SIN,2034,
18_CT,2034,
19_THA,2034,
20_USA,2034,
21_VN,2034,
01_AUS,2035,
02_BD,2035,
03_CDA,2035,
04_CHL,2035,
05_PRC,2035,
06_HKC,2035,
07_INA,2035,
08_JPN,2035,
09_ROK,2035,
10_MAS,2035,
11_MEX,2035,
12_NZ,2035,
13_PNG,2035,
14_PE,2035,
15_RP,2035,
16_RUS,2035,
17_SIN,2035,
18_CT,2035,
19_THA,2035,
20_USA,2035,
21_VN,2035,
01_AUS,2036,
02_BD,2036,
03_CDA,2036,
04_CHL,2036,
05_PRC,2036,
06_HKC,2036,
07_INA,2036,
08_JPN,2036,
09_ROK,2036,
10_MAS,2036,
11_MEX,2036,
12_NZ,2036,
13_PNG,2036,
14_PE,2036,
15_RP,2036,
16_RUS,2036,
17_SIN,2036,
18_CT,2036,
19_THA,2036,
20_USA,2036,
21_VN,2036,
01_AUS,2037,
02_BD,2037,
03_CDA,2037,
04_CHL,2037,
05_PRC,2037,
06_HKC,2037,
07_INA,2037,
08_JPN,2037,
09_ROK,2037,
10_MAS,2037,
11_MEX,2037,
12_NZ,2037,
13_PNG,2037,
14_PE,2037,
15_RP,2037,
16_RUS,2037,
17_SIN,2037,
18_CT,2037,
19_THA,2037,
20_USA,2037,
21_VN,2037,
01_AUS,2038,
02_BD,2038,
03_CDA,2038,
04_CHL,2038,
05_PRC,2038,
06_HKC,2038,
07_INA,2038,
08_JPN,2038,
09_ROK,2038,
10_MAS,2038,
11_MEX,2038,
12_NZ,2038,
13_PNG,2038,
14_PE,2038,
15_RP,2038,
16_RUS,2038,
17_SIN,2038,
18_CT,2038,
19_THA,2038,
20_USA,2038,
21_VN,2038,
01_AUS,2039,
02_BD,2039,
03_CDA,2039,
04_CHL,2039,
05_PRC,2039,
06_HKC,2039,
07_INA,2039,
08_JPN,2039,
09_ROK,2039,
10_MAS,2039,
11_MEX,2039,
12_NZ,2039,
13_PNG,2039,
14_PE,2039,
15_RP,2039,
16_RUS,2039,
17_SIN,2039,
18_CT,2039,
19_THA,2039,
20_USA,2039,
21_VN,2039,
01_AUS,2040,
02_BD,2040,
03_CDA,2040,
04_CHL,2040,
05_PRC,2040,
06_HKC,2040,
07_INA,2040,
08_JPN,2040,
09_ROK,2040,
10_MAS,2040,
11_MEX,2040,
12_NZ,2040,
13_PNG,2040,
14_PE,2040,
15_RP,2040,
16_RUS,2040,
17_SIN,2040,
18_CT,2040,
19_THA,2040,
20_USA,2040,
21_VN,2040,
01_AUS,2041,
02_BD,2041,
03_CDA,2041,
04_CHL,2041,
05_PRC,2041,
06_HKC,2041,
07_INA,2041,
08_JPN,2041,
09_ROK,2041,
10_MAS,2041,
11_MEX,2041,
12_NZ,2041,
13_PNG,2041,
14_PE,2041,
15_RP,2041,
16_RUS,2041,
17_SIN,2041,
18_CT,2041,
19_THA,2041,
20_USA,2041,
21_VN,2041,
01_AUS,2042,
02_BD,2042,
03_CDA,2042,
04_CHL,2042,
05_PRC,2042,
06_HKC,2042,
07_INA,2042,
08_JPN,2042,
09_ROK,2042,
10_MAS,2042,
11_MEX,2042,
12_NZ,2042,
13_PNG,2042,
14_PE,2042,
15_RP,2042,
16_RUS,2042,
17_SIN,2042,
18_CT,2042,
19_THA,2042,
20_USA,2042,
21_VN,2042,
01_AUS,2043,
02_BD,2043,
03_CDA,2043,
04_CHL,2043,
05_PRC,2043,
06_HKC,2043,
07_INA,2043,
08_JPN,2043,
09_ROK,2043,
10_MAS,2043,
11_MEX,2043,
12_NZ,2043,
13_PNG,2043,
14_PE,2043,
15_RP,2043,
16_RUS,2043,
17_SIN,2043,
18_CT,2043,
19_THA,2043,
20_USA,2043,
21_VN,2043,
01_AUS,2044,
02_BD,2044,
03_CDA,2044,
04_CHL,2044,
05_PRC,2044,
06_HKC,2044,
07_INA,2044,
08_JPN,2044,
09_ROK,2044,
10_MAS,2044,
11_MEX,2044,
12_NZ,2044,
13_PNG,2044,
14_PE,2044,
15_RP,2044,
16_RUS,2044,
17_SIN,2044,
18_CT,2044,
19_THA,2044,
20_USA,2044,
21_VN,2044,
01_AUS,2045,
02_BD,2045,
03_CDA,2045,
04_CHL,2045,
05_PRC,2045,
06_HKC,2045,
07_INA,2045,
08_JPN,2045,
09_ROK,2045,
10_MAS,2045,
11_MEX,2045,
12_NZ,2045,
13_PNG,2045,
14_PE,2045,
15_RP,2045,
16_RUS,2045,
17_SIN,2045,
18_CT,2045,
19_THA,2045,
20_USA,2045,
21_VN,2045,
01_AUS,2046,
02_BD,2046,
03_CDA,2046,
04_CHL,2046,
05_PRC,2046,
06_HKC,2046,
07_INA,2046,
08_JPN,2046,
09_ROK,2046,
10_MAS,2046,
11_MEX,2046,
12_NZ,2046,
13_PNG,2046,
14_PE,2046,
15_RP,2046,
16_RUS,2046,
17_SIN,2046,
18_CT,2046,
19_THA,2046,
20_USA,2046,
21_VN,2046,
01_AUS,2047,
02_BD,2047,
03_CDA,2047,
04_CHL,2047,
05_PRC,2047,
06_HKC,2047,
07_INA,2047,
08_JPN,2047,
09_ROK,2047,
10_MAS,2047,
11_MEX,2047,
12_NZ,2047,
13_PNG,2047,
14_PE,2047,
15_RP,2047,
16_RUS,2047,
17_SIN,2047,
18_CT,2047,
19_THA,2047,
20_USA,2047,
21_VN,2047,
01_AUS,2048,
02_BD,2048,
03_CDA,2048,
04_CHL,2048,
05_PRC,2048,
06_HKC,2048,
07_INA,2048,
08_JPN,2048,
09_ROK,2048,
10_MAS,2048,
11_MEX,2048,
12_NZ,2048,
13_PNG,2048,
14_PE,2048,
15_RP,2048,
16_RUS,2048,
17_SIN,2048,
18_CT,2048,
19_THA,2048,
20_USA,2048,
21_VN,2048,
01_AUS,2049,
02_BD,2049,
03_CDA,2049,
04_CHL,2049,
05_PRC,2049,
06_HKC,2049,
07_INA,2049,
08_JPN,2049,
09_ROK,2049,
10_MAS,2049,
11_MEX,2049,
12_NZ,2049,
13_PNG,2049,
14_PE,2049,
15_RP,2049,
16_RUS,2049,
17_SIN,2049,
18_CT,2049,
19_THA,2049,
20_USA,2049,
21_VN,2049,
01_AUS,2050,
02_BD,2050,
03_CDA,2050,
04_CHL,2050,
05_PRC,2050,
06_HKC,2050,
07_INA,2050,
08_JPN,2050,
09_ROK,2050,
10_MAS,2050,
11_MEX,2050,
12_NZ,2050,
13_PNG,2050,
14_PE,2050,
15_RP,2050,
16_RUS,2050,
17_SIN,2050,
18_CT,2050,
19_THA,2050,
20_USA,2050,
21_VN,2050,
